asset_id,filename,scenes,scene_boundaries_valid,overlaps,keyframes,scene_bound_assertions,asset_level_assertions,structured_people,structured_appearances,person_binding_valid,transcript_rows,ocr_rows,verification_status
de1fff66-0555-4c43-ad79-9516ac6e5f48,IMG_0554.MP4,1,True,0,2,12,11,0,0,True,0,4,FULL
1a7a9485-c7d2-4898-b194-75b38d1d5253,IMG_0541.MP4,1,True,0,2,11,8,0,0,True,0,2,FULL
c215777b-8444-4c71-bbe9-d8f9957cda9b,IMG_1385.MP4,42,True,0,43,605,12,0,0,True,0,0,FULL
26b4b526-de21-4f77-8528-c32acc4e4952,IMG_4607.MP4,1,True,0,2,12,10,0,0,True,0,0,FULL
65cb622d-62ec-486b-a82e-9484dc1e6aad,IMG_1457.MP4,1,True,0,1,14,14,0,0,True,0,0,FULL
90926871-323c-44e4-9940-7daed1bb1358,IMG_1048.MP4,1,True,0,2,11,11,0,0,True,0,1,FULL
c19719e7-bf6b-4020-bef9-5b2db83b508f,IMG_0983.MP4,1,True,0,2,15,15,0,0,True,1,0,FULL
aae2f8a8-fae4-4b21-8f37-9b9442a2b426,IMG_0967.MP4,1,True,0,2,11,11,0,0,True,0,0,FULL
45c39ee6-8768-4951-b47f-b087ccd5ebef,IMG_1444.MP4,1,True,0,2,14,14,0,0,True,1,3,FULL
156170db-fa74-4002-93b1-9fb016c64c1e,IMG_1458.MP4,1,True,0,2,15,15,0,0,True,0,0,FULL
b973fd30-9eaf-4936-a2f6-2a4cff4998bd,IMG_0490.MP4,1,True,0,2,12,11,0,0,True,0,0,FULL
7f72217d-3839-4920-86b4-ccc33e9e3d95,IMG_0531.MP4,2,True,1,5,23,8,2,2,True,0,0,PARTIAL
8bacd21f-e17a-4f19-a931-2e84433bba61,IMG_3576.MP4,1,True,0,2,13,13,0,0,True,0,0,FULL
c06fa600-7107-4470-8c75-c8ab2a330b13,IMG_0546.MP4,1,True,0,2,10,8,0,0,True,0,1,FULL
3acf934d-03b6-4632-bb0e-0156db7ad3d6,IMG_0985.MP4,1,True,0,2,12,12,0,0,True,0,8,FULL
b1e6a644-b467-4867-af4f-66b60717ea38,IMG_0528.MP4,1,True,0,2,14,14,0,0,True,1,2,FULL
94d84d3c-554c-40d3-b261-2c40c4e154bc,IMG_2940.MP4,1,True,0,2,15,15,0,0,True,0,0,FULL
325dc47b-e119-4903-9f40-5bfef49e19bb,IMG_3428.MP4,1,True,0,2,15,15,0,0,True,0,0,FULL
272ceced-4c8d-486f-a3d1-937298131c13,IMG_0502.MP4,1,True,0,2,11,11,0,0,True,0,0,FULL
f0130ba9-a3aa-401b-8481-dadbb6269ed2,IMG_0583.MP4,1,True,0,2,11,9,0,0,True,0,4,FULL
99b42b59-11f6-40d8-8386-e2ff633d08e2,IMG_6383.MP4,1,True,0,2,14,14,0,0,True,7,1,FULL
43813de6-2037-4ccc-bda9-96d8e491d8f1,IMG_0474.MP4,1,True,0,2,14,14,0,0,True,0,0,FULL
978ca6fc-3b3b-4106-8e35-bd648eecd954,IMG_4848.MP4,1,True,0,2,9,10,0,0,True,0,0,FULL
930417e8-24c9-4d51-9d30-ce4da96638df,IMG_0620.MP4,1,True,0,2,16,12,0,0,True,0,0,FULL
c9ac15e4-0695-4f68-b4a3-2072c501ecfa,IMG_3408.MP4,1,True,0,2,11,10,0,0,True,0,6,FULL
b6e9ae2a-1fbf-447a-8505-99f0ac393f28,IMG_0916.MP4,1,True,0,2,15,13,0,0,True,0,0,FULL
6211b7c0-37f1-4623-98d4-858a1fc78313,IMG_0998.MP4,1,True,0,2,13,13,0,0,True,0,0,FULL
d606c806-2427-4ff8-8ffe-13ef2b22cf3d,IMG_1953.MP4,1,True,0,2,13,13,0,0,True,0,4,FULL
b9f794aa-e080-4356-9cf9-eef45cc6b315,IMG_1933.MP4,1,True,0,2,13,11,0,0,True,0,0,FULL
95b3a4e4-37c5-4f74-b5c8-953ad3c0d981,IMG_1938.MP4,1,True,0,2,13,13,0,0,True,0,3,FULL
7bba6b49-2785-4b54-87fb-e19900f2bd67,IMG_0592.MP4,1,True,0,2,14,14,0,0,True,0,5,FULL
29e582db-a7e5-45d6-a09e-65f18756fbd2,IMG_0990.MP4,1,True,0,1,11,9,0,0,True,0,1,FULL
fb11c8ca-4658-4159-a45b-3500873e6f1b,IMG_1044.MP4,1,True,0,2,15,15,0,0,True,0,0,FULL
e2d81cd2-8c16-4f70-a1dc-73f64923f128,IMG_0532.MP4,1,True,0,2,14,12,0,0,True,1,0,FULL
ac35d984-91d4-4326-8ada-6eea84887c34,IMG_4602.MP4,1,True,0,2,12,10,0,0,True,0,2,FULL
affcd67a-10aa-4ac7-a0e5-6e649a94bdf4,IMG_0543.MP4,1,True,0,2,10,10,0,0,True,0,3,FULL
10f2a003-1a80-409e-ba8e-b3bff4025810,IMG_0601.MP4,1,True,0,2,8,7,0,0,True,0,3,FULL
718533ff-e3a9-405e-8761-50101ede2fb8,IMG_2942.MP4,1,True,0,2,13,13,0,0,True,0,1,FULL
fc6ce1f5-6a6f-4509-9281-7f87daafe97b,IMG_0544.MP4,1,True,0,1,11,10,0,0,True,0,1,FULL
9837e1e2-b27e-44d5-b777-a7061b4f5257,IMG_1150.MP4,1,True,0,2,15,15,0,0,True,0,0,FULL
5c307427-96f0-4d8f-91b7-ee8a3f46a1f9,IMG_1251.MP4,1,True,0,1,15,15,0,0,True,0,26,FULL
2f47541c-7a08-4395-b125-175201f25fda,IMG_1002.MP4,1,True,0,2,10,10,0,0,True,0,0,FULL
392db633-9400-4fee-b4cd-b65658bee265,IMG_2932.MP4,1,True,0,2,15,13,0,0,True,0,1,FULL
b8df60ec-e4f7-4a78-a866-4c8359be4042,IMG_3394.MP4,1,True,0,1,12,11,0,0,True,0,0,FULL
a26b9354-902d-4394-a54f-467e7e8954f5,IMG_9765.MP4,1,True,0,2,13,11,0,0,True,0,0,FULL
7591e016-a300-44f2-938d-d65e60d5a47b,IMG_3414.MP4,1,True,0,2,14,14,0,0,True,0,0,FULL
0063c235-f50c-4716-aaf1-6ed15de5c9b1,IMG_0972.MP4,1,True,0,2,11,11,0,0,True,0,0,FULL
a6edd467-162e-4d11-bfe7-b10030fd9d15,IMG_1935.MP4,1,True,0,2,13,13,0,0,True,8,1,FULL
c6ad1ffa-f7e8-4838-bd61-0fb90fa83917,IMG_0953.MP4,1,True,0,2,10,9,0,0,True,0,1,FULL
0c21340a-3688-428e-960a-6d278aead7da,IMG_3569.MP4,1,True,0,2,15,15,0,0,True,0,0,FULL
86d0116e-0fc0-49e8-93d1-f5549b89b175,IMG_0537.MP4,1,True,0,2,11,11,0,0,True,0,1,FULL
ba07b529-0217-4dfb-8cf2-2a0dce175ea6,IMG_0567.MP4,1,True,0,2,13,13,0,0,True,0,4,FULL
bab4ae98-9925-4236-a8fa-43c9374e6d4e,IMG_0506.MP4,1,True,0,2,13,13,0,0,True,0,2,FULL
121f9844-3d36-4677-9918-5c68e91765cd,IMG_0570.MP4,1,True,0,2,11,9,0,0,True,0,2,FULL
b69c3f89-01c2-4414-9eb6-19c27aa2ab14,IMG_4613.MP4,1,True,0,2,17,17,0,0,True,0,0,FULL
9d057534-a0b1-4693-9f16-59d3b45de04c,IMG_0596.MP4,1,True,0,2,12,11,0,0,True,1,4,FULL
e87426e2-fbe0-40e6-817d-c0cfbd456e24,IMG_3386.MP4,1,True,0,2,13,13,0,0,True,0,0,FULL
7e481ce8-e5a7-4cb1-8387-738bc069b947,IMG_0919.MP4,1,True,0,2,14,14,0,0,True,0,1,FULL
d1da3e87-ecf7-4fd6-9cb9-eb5ed5a39bb6,IMG_1360.MP4,1,True,0,2,10,9,0,0,True,0,1,FULL
c2b00dfb-e7a5-4436-98b7-9606eef9ea9b,IMG_4104.MP4,1,True,0,2,14,14,0,0,True,0,0,FULL
639e9d96-0b89-42f6-9135-e0ff68d32c3b,IMG_4605.MP4,1,True,0,2,10,11,0,0,True,0,0,FULL
98957632-1d80-4d61-90f7-dc004bbe9141,IMG_0945.MP4,1,True,0,2,14,12,0,0,True,0,0,FULL
4248f9e4-9ace-4923-94be-ff6cde1eb506,IMG_2945.MP4,1,True,0,2,13,13,0,0,True,0,0,FULL
d7a2029b-7694-47dc-8fff-b7fb81f05cda,IMG_1427.MP4,1,True,0,2,11,9,0,0,True,0,0,FULL
de319575-dabd-46dd-8e09-9d4ce45766fb,copy_2D1D467F-2D77-4478-B8C7-A1A63EB1A341.MP4,4,True,0,4,56,13,0,0,True,0,35,FULL
6261b9ed-0ef1-4d28-8a74-148506d793e5,IMG_2949.MP4,1,True,0,2,14,14,0,0,True,0,0,FULL
b367d7ff-af29-47ab-980a-59feb2f5aaf0,IMG_3393.MP4,1,True,0,2,14,13,0,0,True,0,5,FULL
e3901b52-e942-4d86-a7e5-64aa92551826,IMG_1451.MP4,1,True,0,2,14,13,0,0,True,1,0,FULL
0a774984-24c6-4b8e-b96b-09e3897bdf7a,IMG_1433.MP4,1,True,0,2,13,11,0,0,True,0,3,FULL
2a8a1f9f-5af9-4e7a-b002-ea636b8e45c1,IMG_1429.MP4,1,True,0,2,10,9,0,0,True,0,1,FULL
2e7d51e0-4fd4-4f83-a939-afbc45116a6d,IMG_2929.MP4,1,True,0,2,12,12,0,0,True,0,0,FULL
03a5ce9d-a716-4bfd-bcc0-522ba8e05a56,IMG_7168.MP4,1,True,0,2,13,13,0,0,True,0,0,FULL
11a13b7c-99aa-42ff-bda5-993eda1a3063,IMG_2346.MP4,1,True,0,2,12,12,0,0,True,0,0,FULL
7ed9733e-89cb-49e4-a0a8-68c811f2f9ec,IMG_1950.MP4,1,True,0,2,10,10,0,0,True,0,1,FULL
150d66ce-5d13-474f-b5eb-6d36340ec32a,IMG_3432.MP4,1,True,0,2,11,10,0,0,True,0,2,FULL
83325492-72fd-4904-a149-af17f1618099,IMG_0507.MP4,1,True,0,2,13,13,0,0,True,0,1,FULL
6f78965b-4cde-4bed-8475-0ed918e90192,IMG_1980.MP4,1,True,0,2,13,13,0,0,True,0,0,FULL
3d117702-c8f8-45e6-aa03-e4cee65e6a77,IMG_0553.MP4,1,True,0,2,12,10,0,0,True,0,3,FULL
bb3516c7-a0f1-402c-aecc-3472f3625ba1,IMG_1351.MP4,21,True,0,21,291,12,0,0,True,0,0,FULL
7f14c1ff-c2da-453b-8d82-81adf6f70eb2,IMG_0488.MP4,1,True,0,2,12,12,0,0,True,0,2,FULL
e17e9308-4d48-49e3-9526-015a3154c32b,IMG_2950.MP4,1,True,0,2,14,14,0,0,True,0,0,FULL
28f86dbf-4a05-47fd-9ee4-17ab89c06946,IMG_0943.MP4,1,True,0,2,10,10,0,0,True,0,0,FULL
9962c154-1932-4cac-b09a-dbb97e72c1b2,IMG_3399.MP4,1,True,0,2,13,11,0,0,True,0,0,FULL
3a2070f6-466b-4be0-8a60-67acff541e6c,IMG_1165.MP4,1,True,0,2,13,12,0,0,True,0,1,FULL
6b1694e2-0dfb-45b3-8f78-e477637e8c75,IMG_7170.MP4,1,True,0,2,13,12,0,0,True,0,0,FULL
0f0b4120-c869-4be2-ab1e-2abf2cb8416c,IMG_0564.MP4,1,True,0,2,10,8,0,0,True,0,0,FULL
60dac05f-c6fc-419e-9a07-4a23ec786c0e,IMG_0955.MP4,1,True,0,2,13,12,0,0,True,0,2,FULL
aac87187-65fc-4931-b669-20c0543ebfbd,IMG_3479.MP4,1,True,0,2,12,12,0,0,True,0,12,FULL
a8dd3bc8-7d60-4811-b710-e9799a6a521b,IMG_1256.MP4,1,True,0,2,12,12,0,0,True,0,0,FULL
560457e8-060b-4b22-84f5-44344ad66a36,IMG_1431.MP4,1,True,0,2,12,12,0,0,True,0,0,FULL
86e050e1-3c3e-4b83-a24b-580b76fdc63c,IMG_1248.MP4,1,True,0,2,14,13,0,0,True,0,6,FULL
7a256df1-16ac-4e78-92aa-7ad9f33f6e09,IMG_0478.MP4,1,True,0,2,15,14,0,0,True,0,0,FULL
a116a5e2-ce98-4d65-ac81-72a69414a584,IMG_0973.MP4,1,True,0,2,14,13,0,0,True,0,0,FULL
3e862e29-89b3-44c1-8599-a41b708cb27d,IMG_3562.MP4,1,True,0,1,15,15,0,0,True,0,0,FULL
4f6f4e54-896e-4b34-b9ed-54cd28456f2f,IMG_2347.MP4,1,True,0,2,13,13,0,0,True,0,0,FULL
99e8772c-d425-4260-81ff-bb5a306e901f,IMG_2344.MP4,1,True,0,2,14,14,0,0,True,0,2,FULL
00166f3b-d16f-4f6c-9b8d-d57f6875766b,IMG_3564.MP4,2,True,1,2,10,5,0,0,True,1,0,PARTIAL
8d8351e3-5056-4b0f-b744-08c14ca97ed8,IMG_0503.MP4,1,True,0,1,13,11,0,0,True,0,0,FULL
74893e64-08e4-4d63-bd3d-1ce259f4d0e9,IMG_1450.MP4,1,True,0,2,13,13,0,0,True,2,0,FULL
e5ab0735-566c-4bd3-b90f-9b822e6446c7,IMG_1362.MP4,1,True,0,2,13,13,0,0,True,0,4,FULL
ec50bd69-1b3a-46b7-89e5-d1c45ca3970f,IMG_1438.MP4,1,True,0,1,10,9,0,0,True,0,3,FULL
0c94b112-8e22-4da3-a436-9af2831e937a,IMG_4122.MP4,1,True,0,2,13,13,0,0,True,0,12,FULL
55b13ea7-5c8b-4d34-b85f-7c10e4246322,IMG_1955.MP4,1,True,0,2,13,13,0,0,True,0,0,FULL
c32bf5bd-cf7d-4aa7-8d5d-41915f44061c,IMG_3483.MP4,1,True,0,2,13,12,0,0,True,0,0,FULL
05c43d14-c1dc-4e78-bf88-0ef8ddbcd443,IMG_0609.MP4,1,True,0,1,14,14,0,0,True,0,0,FULL
6e291453-d01b-4cb7-854b-af1252daa16b,IMG_4616.MP4,1,True,0,2,16,15,0,0,True,0,0,FULL
e3269ad6-bc6b-48fa-a9f5-4c873d731dbc,IMG_4830.MP4,1,True,0,2,11,10,0,0,True,0,3,FULL
5151bc38-be6f-4f47-9bbb-66444e94b550,IMG_1467.MP4,1,True,0,2,13,13,0,0,True,0,0,FULL
7cadaea8-b55f-41f2-878d-82ae1013a197,IMG_2936.MP4,1,True,0,2,13,12,0,0,True,0,0,FULL
406b9cfb-0bcf-4f9a-bfc0-1417ef22a026,IMG_1261.MP4,1,True,0,2,11,11,0,0,True,0,4,FULL
e14590a2-6c4d-4ce8-ab28-0d7afed9a6bf,IMG_2941.MP4,1,True,0,2,13,13,0,0,True,0,0,FULL
6717d6ad-f58e-4224-bc6a-06690a1300d8,IMG_0995.MP4,1,True,0,2,12,10,0,0,True,0,2,FULL
589e6d88-75d9-4034-8cbc-cbdc690fa629,IMG_1158.MP4,1,True,0,2,11,10,0,0,True,0,0,FULL
f9d1e5ed-3657-46f5-83cc-213483b6f415,IMG_0476.MP4,1,True,0,2,13,13,0,0,True,0,0,FULL
b9fe6721-60a0-4c2f-bd45-d70b014c7b31,IMG_0482.MP4,1,True,0,2,13,12,0,0,True,0,0,FULL
002b0eda-e519-44d9-97f4-0792fa989c35,IMG_2315.MP4,1,True,0,2,15,15,0,0,True,0,0,FULL
9ff1a1c9-12dc-46b2-bae6-19700b1a9fda,IMG_1456.MP4,1,True,0,1,15,14,0,0,True,0,0,FULL
7fa4a445-220e-4f33-a10e-10ab3b942a47,IMG_1348.MP4,1,True,0,2,14,14,0,0,True,0,0,FULL
54a65033-c1bf-4dce-8de8-022127d86f5f,IMG_0606.MP4,1,True,0,2,14,12,0,0,True,0,0,FULL
28f27fae-21f9-4b6f-88cc-ad395e0e129e,IMG_3396.MP4,1,True,0,2,13,13,0,0,True,1,1,FULL
aa8f8e22-8619-47e3-8ece-0ca2ee2b8e8e,IMG_2341.MP4,1,True,0,2,15,15,0,0,True,0,3,FULL
103f8c8e-f27e-4899-82b3-a1d46212ffea,IMG_2128.MP4,1,True,0,2,11,9,0,0,True,0,0,FULL
49ec310e-b11b-44a6-a401-20cd8598a735,IMG_2121.MP4,1,True,0,2,12,11,0,0,True,0,0,FULL
e84fc257-6e86-4df0-ae36-020943e87a51,IMG_6380.MP4,1,True,0,2,14,14,0,0,True,1,0,FULL
745b6280-1a22-4919-a346-60e06b10b665,IMG_1967.MP4,1,True,0,2,12,12,0,0,True,0,0,FULL
f25d029c-ba5b-4b47-8bff-fa05eacd51ca,IMG_1365.MP4,1,True,0,2,10,9,0,0,True,0,4,FULL
42ab3ac5-bd97-4aa2-bace-4e23f39cccbf,IMG_1355.MP4,1,True,0,2,12,12,0,0,True,5,2,FULL
42418c66-d0f4-4131-83fd-9b262b81525d,IMG_1149.MP4,1,True,0,2,14,14,0,0,True,0,0,FULL
536d7e2b-0676-4ed7-9946-0a326571b417,IMG_3966.MP4,1,True,0,2,15,15,0,0,True,0,0,FULL
b9bd93eb-36a1-4489-95e1-9f93d7c89804,IMG_3404.MP4,1,True,0,2,11,11,0,0,True,0,3,FULL
3cc7b5b3-008d-4296-a2eb-6bcc9f5bdd13,IMG_2962.MP4,1,True,0,2,15,14,0,0,True,0,0,FULL
9a338303-2f75-4b48-bc43-13f70276f041,IMG_3407.MP4,1,True,0,2,15,15,0,0,True,0,0,FULL
35e8548a-a6fb-4302-a337-da6c36333292,IMG_1949.MP4,1,True,0,2,12,12,0,0,True,0,2,FULL
3028b9d2-fc5d-46ca-bff3-4830bc2916ea,IMG_3563.MP4,1,True,0,2,14,14,0,0,True,0,0,FULL
904de072-866b-4736-af56-e46e3d541b55,IMG_0989.MP4,1,True,0,2,12,10,0,0,True,0,2,FULL
387f79f1-2c5a-4e34-88f3-c3d0e9740689,IMG_3561.MP4,1,True,0,2,16,16,0,0,True,0,0,FULL
da98814e-89de-4c55-92f9-1a0b26853d83,IMG_0951.MP4,1,True,0,2,12,11,0,0,True,0,0,FULL
675d4482-a562-4ad3-9c9b-366fac1d862d,IMG_4832.MP4,1,True,0,2,12,11,0,0,True,0,3,FULL
da880ede-7a3f-4415-8128-890c1f6de365,IMG_1445.MP4,1,True,0,2,12,11,0,0,True,0,1,FULL
e1cd9573-54ae-478e-86a7-047fff410387,IMG_3594.MP4,1,True,0,2,15,14,0,0,True,0,0,FULL
162b99eb-d4d9-4143-a857-deb1af98d3ff,IMG_1383.MP4,38,True,0,39,533,13,0,0,True,0,0,FULL
db6b1738-f0ce-4b43-9758-3fbac95d0d81,IMG_1257.MP4,1,True,0,2,14,14,0,0,True,0,2,FULL
c54b43da-55c2-4c56-9436-1e9fd892a9c4,IMG_2124.MP4,1,True,0,2,10,9,0,0,True,0,1,FULL
13059c1f-f0db-4e04-8a85-fa3fada9842f,IMG_2930.MP4,1,True,0,1,16,16,0,0,True,0,0,FULL
609c086a-4781-4def-8843-1a6697b12cef,IMG_1466.MP4,1,True,0,2,11,10,0,0,True,0,3,FULL
98bff350-93e8-4387-b8bd-30eda756c173,IMG_2953.MP4,1,True,0,2,15,14,0,0,True,0,0,FULL
b5223a7b-83da-4d71-a49f-7de464a1ca0f,IMG_2130.MP4,1,True,0,2,11,11,0,0,True,1,3,FULL
03f9b743-6be6-4ef5-a941-a72ce136fa4b,IMG_2952.MP4,1,True,0,2,16,15,0,0,True,0,0,FULL
2d766a56-3364-4a52-8e5c-c40c8f4a49fa,IMG_1156.MP4,1,True,0,2,15,14,0,0,True,1,0,FULL
b174b25d-8bf3-401d-99de-5d04d15d2e22,IMG_4617.MP4,1,True,0,2,16,15,0,0,True,0,0,FULL
79c44534-8349-4eba-9a4b-c01296f1f0a5,IMG_3406.MP4,1,True,0,2,13,12,0,0,True,0,0,FULL
aee119a2-55aa-46e8-8b31-e690ab18282f,IMG_4831.MP4,1,True,0,2,13,12,0,0,True,0,2,FULL
2aa3e623-8e2b-4b68-926d-a058daa74b01,IMG_0550.MP4,1,True,0,2,12,10,0,0,True,0,2,FULL
e8f7ce20-661b-4e6b-a128-d5b134a3e41d,IMG_3482.MP4,1,True,0,2,9,9,0,0,True,0,0,FULL
e1bf018d-374a-4984-8aa2-c57ffaa18300,IMG_0573.MP4,1,True,0,2,11,9,0,0,True,1,1,FULL
13b6d4ee-0d8e-4879-be4e-f7975f3a06ec,IMG_1255.MP4,1,True,0,2,12,12,0,0,True,0,0,FULL
078d2efc-4ade-46fe-8e9a-b6a0c0214047,IMG_0914.MP4,1,True,0,2,12,12,0,0,True,0,0,FULL
fa3ede68-aee5-4414-9aca-69cabd84035c,IMG_0971.MP4,1,True,0,2,12,11,0,0,True,0,2,FULL
fe0e61b0-0da6-4444-b8bf-fc32e3444a5d,IMG_1005.MP4,1,True,0,2,12,12,0,0,True,1,0,FULL
1d620b66-c8a8-4eea-9341-d2e0434673b1,IMG_0591.MP4,1,True,0,2,12,12,0,0,True,0,0,FULL
93d3e053-8655-48fb-bb87-ce9242dac370,IMG_2944.MP4,1,True,0,2,13,13,0,0,True,0,6,FULL
88c47bac-b83e-4090-8583-60a6e155101b,IMG_1239.MP4,1,True,0,2,15,14,0,0,True,0,5,FULL
c78d53f3-ae33-4879-898f-18a03a998ef5,IMG_0538.MP4,1,True,0,2,12,11,0,0,True,0,4,FULL
c260d489-322f-402f-983c-31737918095a,IMG_3415.MP4,1,True,0,2,12,11,0,0,True,0,0,FULL
306e80b9-a812-4f4a-a8c4-9af95b2a1e50,IMG_2982.MP4,1,True,0,2,15,14,0,0,True,0,0,FULL
88b6cda4-2b90-41bc-a92d-0876638e4b59,IMG_3962.MP4,1,True,0,2,11,11,0,0,True,0,2,FULL
7310ba59-6d74-4427-922d-40f0f10ec753,IMG_4620.MP4,1,True,0,2,13,13,0,0,True,0,1,FULL
e528504c-cd53-439d-9d54-652509144949,IMG_1164.MP4,1,True,0,2,14,14,0,0,True,0,1,FULL
c91efd4b-e2a5-4e59-9f94-34296fcf0249,IMG_4846.MP4,1,True,0,2,16,16,0,0,True,0,9,FULL
5804b7b5-fa8c-4560-98e1-c3ee95378054,IMG_1003.MP4,1,True,0,2,12,11,0,0,True,0,0,FULL
75f7a92c-3fa5-4983-a677-52ac26e5e28e,IMG_1452.MP4,1,True,0,2,10,10,0,0,True,0,7,FULL
af810cef-9e29-481a-b042-0a7f0d09d2c2,IMG_2977.MP4,1,True,0,2,14,14,0,0,True,0,0,FULL
b79c659c-c5fe-438c-8c46-10d1542b3301,IMG_0911.MP4,1,True,0,2,14,13,0,0,True,0,0,FULL
b0b6ba87-ef2b-4182-8df7-90b95d12b1f3,IMG_2934.MP4,1,True,0,2,11,11,0,0,True,0,0,FULL
74906a97-3260-44fb-a10e-b37ad1b2d230,IMG_0594.MP4,1,True,0,2,12,11,0,0,True,0,5,FULL
0fb278de-3932-41a0-bbd1-4dbeb5fcaac1,IMG_0548.MP4,1,True,0,1,9,7,0,0,True,0,0,FULL
8cf7fc40-404a-4d2e-9fc9-afd64d933519,IMG_0603.MP4,1,True,0,1,13,13,0,0,True,0,0,FULL
3fe22d9d-9564-4482-a28e-8a22dfeb378f,IMG_3424.MP4,1,True,0,2,14,12,0,0,True,3,0,FULL
4d5a515f-d131-456a-a7cf-d348ab44b399,IMG_0489.MP4,1,True,0,2,12,9,0,0,True,0,2,FULL
f9741382-e57c-43a2-b144-3e61588c6eb8,IMG_1952.MP4,1,True,0,2,13,11,0,0,True,0,6,FULL
7a4a4bd0-8ade-41b9-82a4-61d9e3ace594,IMG_1367.MP4,1,True,0,2,13,13,0,0,True,0,1,FULL
3e887562-8190-4040-b18e-86f4aa7acad7,IMG_9752.MP4,1,True,0,2,11,11,0,0,True,0,6,FULL
fb423f4b-71bd-477f-aef0-a921ad250abb,IMG_7164.MP4,1,True,0,1,12,12,0,0,True,0,0,FULL
c39b6767-ca7e-4aea-a795-f9a54b21481a,IMG_0593.MP4,1,True,0,1,14,12,0,0,True,0,2,FULL
f7c98624-54db-4088-95cb-2f16970b01ba,IMG_1244.MP4,1,True,0,2,13,13,0,0,True,0,6,FULL
35706183-c87e-4130-af61-27bf619aa39d,IMG_2148.MP4,1,True,0,2,13,12,0,0,True,0,2,FULL
157614a3-839d-470f-bc0a-989aac1cf006,IMG_3421.MP4,1,True,0,2,14,14,0,0,True,0,0,FULL
d96677bf-6be7-4d8f-ae70-a524e4b452e7,IMG_3202.MP4,1,True,0,2,14,12,0,0,True,0,3,FULL
ab33f399-1434-419d-9404-d29f002aae1f,IMG_3593.MP4,1,True,0,1,14,14,0,0,True,0,0,FULL
4f0b48b3-81a4-4887-af57-eef3d8de7891,IMG_1159.MP4,1,True,0,2,14,14,0,0,True,0,1,FULL
eaca1b07-60f8-464f-b973-c12f9d478737,IMG_7167.MP4,1,True,0,2,12,11,0,0,True,0,0,FULL
8d19bcc5-c39f-4a87-bd04-0fb78cf72970,IMG_0946.MP4,1,True,0,2,12,12,0,0,True,0,0,FULL
963376ad-9cc1-46e3-a80a-9249b71839d1,IMG_0534.MP4,2,True,1,2,10,5,0,0,True,0,0,PARTIAL
0a932fbd-8675-4301-99d9-ec052b1c22b4,IMG_4101.MP4,1,True,0,2,14,13,0,0,True,0,0,FULL
1d71d5de-07e5-4666-9023-05d97e7cb194,IMG_2147.MP4,1,True,0,2,11,11,0,0,True,0,2,FULL
1db1c3fa-60df-48df-ae62-b2fd52cf7f74,IMG_1166.MP4,1,True,0,2,13,12,0,0,True,0,5,FULL
bc68e3ce-5812-4af4-b99d-4d0781ad588d,IMG_0479.MP4,1,True,0,2,14,13,0,0,True,0,2,FULL
c827ffd9-334b-481d-b246-765ec06f4720,IMG_2957.MP4,1,True,0,2,13,13,0,0,True,0,0,FULL
81d18de6-f21e-4e55-a7d9-8683167dfdb7,IMG_0527.MP4,1,True,0,2,14,14,0,0,True,0,1,FULL
60d5b14c-6af3-48de-9c1b-d206d58577f2,IMG_3589.MP4,1,True,0,1,12,12,0,0,True,0,0,FULL
f078e356-7525-467b-bdd2-61c8b5eeaebf,IMG_1241.MP4,1,True,0,2,14,14,0,0,True,2,0,FULL
e8f2ca8c-e7c2-4b74-95e7-3f31cd1d816a,3631150497-preview.mp4,2,True,1,3,10,5,0,0,True,0,1,PARTIAL
c507ee4a-3df5-4701-8363-827263a294de,IMG_0612.MP4,1,True,0,2,13,13,0,0,True,0,0,FULL
a553d17e-d27e-4799-b0c1-97073929617a,IMG_2338.MP4,1,True,0,2,12,12,0,0,True,0,0,FULL
d3b1947f-dadc-423d-a3dd-4b51d21c5aca,IMG_0993.MP4,1,True,0,2,10,10,0,0,True,0,3,FULL
81716199-5e4c-48c0-9820-511ffbca5ea3,IMG_0597.MP4,1,True,0,2,13,13,0,0,True,0,0,FULL
59b263d1-a589-41e6-b414-46e6f1281062,IMG_0542.MP4,1,True,0,2,9,7,0,0,True,0,2,FULL
47611c6d-7923-42a4-87b6-c2a416a90f5c,IMG_1148.MP4,2,True,1,6,24,9,2,2,True,1,0,PARTIAL
7bbeca98-147a-4057-b952-0be4876f0bd7,IMG_6384.MP4,1,True,0,2,14,14,0,0,True,0,0,FULL
258b358e-5c7c-47a4-a195-087a203a7bfd,IMG_1956.MP4,1,True,0,2,14,13,0,0,True,0,3,FULL
2db99fa8-2059-4da1-a27d-60922db269ca,IMG_0607.MP4,1,True,0,2,15,14,0,0,True,0,0,FULL
740d6ec4-3c43-4838-a01e-7f7732734f12,IMG_2960.MP4,1,True,0,2,14,14,0,0,True,0,0,FULL
9e05d7c6-1838-407e-b601-204039b82326,IMG_1015.MP4,1,True,0,2,15,15,0,0,True,0,0,FULL
252aacfe-a64c-458a-84eb-2d1f707e1803,IMG_2149.MP4,1,True,0,2,15,15,0,0,True,0,4,FULL
2351fe7a-c8e5-49f2-8144-f4ce36770db8,IMG_7169.MP4,1,True,0,2,12,12,0,0,True,0,0,FULL
886dfae9-6a29-4f1c-ae42-8f2b63d8a07b,IMG_3590.MP4,1,True,0,2,15,12,0,0,True,0,0,FULL
ca9672e1-5d43-4ffe-a7d7-771b13aa4658,IMG_0530.MP4,1,True,0,2,12,12,0,0,True,0,0,FULL
74f471bd-f98c-4eef-8fac-e0a53d3598fb,IMG_0487.MP4,1,True,0,1,11,11,0,0,True,0,0,FULL
04497e21-3e49-455a-9502-291d8cb60e73,IMG_3402.MP4,1,True,0,2,13,12,0,0,True,0,4,FULL
a96d5a81-78e2-4175-9a1d-896355e2eec9,IMG_0957.MP4,1,True,0,2,10,10,0,0,True,0,6,FULL
91029420-4a60-41ac-9201-b52b345b75cd,IMG_2342.MP4,1,True,0,2,12,12,0,0,True,0,0,FULL
f4314c72-0c32-4f45-8305-f442820e690b,IMG_1369.MP4,1,True,0,2,13,11,0,0,True,1,6,FULL
faeda324-f0b5-4e31-b7e8-9bea2be1ff05,IMG_1250.MP4,1,True,0,2,13,13,0,0,True,0,2,FULL
e897b877-fe6a-481d-982d-65909721cfcc,IMG_0565.MP4,1,True,0,1,11,10,0,0,True,0,2,FULL
ab07c11c-62a8-4a55-8d3e-a74a4817cc7b,IMG_0491.MP4,1,True,0,2,12,11,0,0,True,0,0,FULL
c7f93e0a-b60a-4563-a568-1077730be374,IMG_0969.MP4,1,True,0,2,11,11,0,0,True,0,1,FULL
b972b81a-1565-45aa-8e53-48cdc397646e,IMG_3568.MP4,2,True,1,2,10,5,0,0,True,0,0,PARTIAL
a105e712-5164-4359-b2f9-ec9ac30fcf3e,IMG_0584.MP4,1,True,0,2,10,9,0,0,True,0,2,FULL
6eced0c9-d340-463a-a0fc-64b0609fa63d,IMG_0483.MP4,1,True,0,2,10,9,0,0,True,0,0,FULL
919bb9a9-e424-47d6-900c-389741e32be8,IMG_1943.MP4,1,True,0,2,12,11,0,0,True,0,0,FULL
e421b0a5-2cc1-4904-b688-052cde780c2e,IMG_3591.MP4,1,True,0,2,14,14,0,0,True,1,0,FULL
f0f12a6e-ccbd-49bc-9cff-bd7eb4443eee,IMG_0572.MP4,1,True,0,2,10,9,0,0,True,0,0,FULL
c94f6935-57f1-4eb6-9347-629426ef871a,IMG_0619.MP4,1,True,0,2,13,13,0,0,True,0,2,FULL
fd3b8667-8020-4ebb-bce3-beb2e770830c,IMG_0551.MP4,1,True,0,2,9,8,0,0,True,0,2,FULL
6f11769a-d3d2-4bd7-b18a-c8f9399a3eac,IMG_1364.MP4,1,True,0,2,12,11,0,0,True,0,0,FULL
fb04588d-768e-4209-9cd8-72fdaa36124d,IMG_1435.MP4,1,True,0,1,10,8,0,0,True,0,1,FULL
4f9695dc-3671-49ac-9fbe-5467ea8615e0,IMG_3401.MP4,1,True,0,2,12,12,0,0,True,1,2,FULL
0e518d7b-d4b1-4b26-bd0a-da5acdf5285c,IMG_3967.MP4,1,True,0,2,13,12,0,0,True,0,0,FULL
c02e2a44-19cc-49bf-98c5-94182a4f0abf,IMG_0480.MP4,1,True,0,2,16,14,0,0,True,0,0,FULL
45a7c18d-0bf2-444e-9b00-42cdb712d727,IMG_4603.MP4,1,True,0,2,14,12,0,0,True,0,0,FULL
9bbf9a96-3de5-45f7-b12e-8ed6be84a5f8,IMG_1016.MP4,1,True,0,2,12,11,0,0,True,2,0,FULL
c7b52ee6-3784-4b79-9831-62f81cd3e6f0,IMG_3430.MP4,1,True,0,2,16,11,0,0,True,0,0,FULL
27034853-9baa-4f98-8af6-ac322ce0422a,IMG_0477.MP4,1,True,0,2,13,13,0,0,True,0,0,FULL
c4e84484-3e5e-4a67-b4d4-3a142f434fb1,IMG_3425.MP4,1,True,0,2,15,12,0,0,True,0,0,FULL
8b90a470-b98e-4e0c-952c-915fced5efe1,IMG_0492.MP4,1,True,0,2,14,14,0,0,True,0,0,FULL
f79a2729-d0b0-4a28-becd-d3ac11ef034d,IMG_0988.MP4,1,True,0,2,15,12,0,0,True,0,6,FULL
3059f085-aaea-418a-8ef4-a8cba2393065,IMG_0621.MP4,1,True,0,2,16,14,0,0,True,0,0,FULL
14b487fa-cf1f-4d14-9082-a3538dd89beb,IMG_3959.MP4,1,True,0,2,12,12,0,0,True,0,1,FULL
adc9a170-0946-4ff1-9eb6-6d8ae6a87be4,IMG_2602.MP4,1,True,0,2,14,13,0,0,True,0,0,FULL
a3f5fa8b-40ce-439e-a4f7-1c39d987e627,IMG_3420.MP4,1,True,0,2,12,12,0,0,True,0,0,FULL
35d31027-17b0-44bd-860e-8a47b29701da,IMG_1964.MP4,1,True,0,2,13,13,0,0,True,0,0,FULL
e7099c6d-16c6-4766-acf1-da2738ff627e,IMG_0558.MP4,1,True,0,2,11,11,0,0,True,0,2,FULL
522d6dd1-bf00-4c2a-b652-78a3dc18ac74,IMG_0563.MP4,1,True,0,2,9,9,0,0,True,0,4,FULL
cff02045-b3c0-441e-a264-e1b280ad47ea,IMG_1370.MP4,1,True,0,2,12,12,0,0,True,0,4,FULL
a6e32a5c-5596-4e52-9a09-da0067ed320a,IMG_3570.MP4,1,True,0,2,15,14,0,0,True,0,0,FULL
75f71cea-c7a1-466e-aa0e-8515a4f1f9c5,IMG_4847.MP4,1,True,0,2,13,12,0,0,True,0,0,FULL
127b027b-9baf-489a-bb1c-e6a0b38ada4c,IMG_1350.MP4,1,True,0,2,13,12,0,0,True,0,0,FULL
e4a850a8-cb94-463a-8b20-9cf999a3b489,IMG_1372.MP4,1,True,0,2,12,12,0,0,True,0,4,FULL
37297b05-c065-4bdd-a9be-650fb05f1ab1,IMG_0575.MP4,1,True,0,2,11,9,0,0,True,0,3,FULL
95e1a93f-197e-4e2e-8339-9a1b4dffad78,IMG_1947.MP4,1,True,0,2,12,12,0,0,True,0,0,FULL
11ee1d16-caa2-4cd4-97db-f352ea721fc8,IMG_4621.MP4,1,True,0,2,15,15,0,0,True,0,0,FULL
b8aa4f3f-f15e-41e6-8bcd-945721d1d266,IMG_0613.MP4,1,True,0,1,12,11,0,0,True,0,1,FULL
df817eac-fbf8-46bd-9817-940e66de50b3,IMG_1388.MP4,41,True,0,41,563,13,0,0,True,0,0,FULL
5f0cd5bb-b464-49ee-a64d-6daf55b68de9,IMG_1361.MP4,1,True,0,2,12,12,0,0,True,0,2,FULL
fa924750-4200-4608-bb69-33421fe9b55f,IMG_3416.MP4,1,True,0,2,15,15,0,0,True,0,0,FULL
24525d08-711d-4240-be50-5e990c7bd5a9,IMG_1464.MP4,1,True,0,2,14,13,0,0,True,0,6,FULL
970eafde-e6d5-4068-947b-0483489da1d7,IMG_4609.MP4,1,True,0,2,13,11,0,0,True,0,0,FULL
abcb444f-26c4-49e3-ac25-dde5d84ea7d4,IMG_1006.MP4,1,True,0,2,13,10,0,0,True,0,0,FULL
2cb9f8a6-6dcb-4679-9e54-ddb7b60ac5da,IMG_1236.MP4,1,True,0,2,9,9,0,0,True,0,2,FULL
a208ad93-c509-4dac-abf7-09272a38a80c,IMG_2343.MP4,1,True,0,2,13,12,0,0,True,0,0,FULL
0a05ddcf-4395-4874-acc9-291fec503ba6,IMG_0614.MP4,1,True,0,2,14,12,0,0,True,0,0,FULL
776e43e0-fe1f-4aa7-9f38-0d9b34c4e386,IMG_1252.MP4,1,True,0,1,14,14,0,0,True,0,25,FULL
cfc5709d-04fe-4ba6-ad76-c4e948c8f232,IMG_3560.MP4,1,True,0,2,16,15,0,0,True,1,0,FULL
1c33120d-3fa1-445d-a3a7-4a8a74e5f78b,IMG_4102.MP4,1,True,0,2,13,13,0,0,True,0,0,FULL
2483bfdc-b784-4d40-a81a-6096621ecafe,IMG_2935.MP4,1,True,0,2,11,10,0,0,True,0,0,FULL
67112db8-002f-4ec2-aa7d-d1eb56b7264a,IMG_2954.MP4,1,True,0,2,14,12,0,0,True,0,0,FULL
c6903572-38f4-472c-b9a1-9275d621aa8f,IMG_3567.MP4,1,True,0,1,13,13,0,0,True,0,0,FULL
665e93ed-2aea-492e-9357-a9aee8e7bfd1,IMG_9768.MP4,1,True,0,2,13,13,0,0,True,1,2,FULL
cd453280-2096-4a68-bfd2-1bf070f79140,IMG_3583.MP4,1,True,0,2,14,13,0,0,True,0,0,FULL
5310794b-f9e9-42bc-b287-62f76eb20f87,IMG_3581.MP4,1,True,0,2,15,15,0,0,True,0,0,FULL
aaf3f7d0-42b5-401d-8005-c0b26dcb92c5,IMG_3587.MP4,2,True,1,2,10,5,0,0,True,0,0,PARTIAL
812f63b7-153a-44b7-ba68-d63b5bdec1a5,IMG_0923.MP4,1,True,0,2,15,15,0,0,True,1,1,FULL
23472f0a-833a-4367-8762-1dc777269501,IMG_7165.MP4,1,True,0,2,11,10,0,0,True,0,0,FULL
ab401b88-4523-4826-bb0f-661fe7833eed,IMG_0547.MP4,1,True,0,1,10,8,0,0,True,0,0,FULL
feeaca97-74a1-45a9-a5d0-fa9ed64b12c9,IMG_4614.MP4,1,True,0,2,14,14,0,0,True,0,0,FULL
7a21e729-4445-45d5-b5e1-facd583cd580,IMG_2973.MP4,1,True,0,2,13,13,0,0,True,0,1,FULL
6abadb3e-18e7-47d6-9c48-c5000a2bb824,IMG_2975.MP4,1,True,0,2,16,15,0,0,True,0,0,FULL
7e3a48fd-d963-40eb-9e30-66c05f0dde8d,IMG_1470.MP4,1,True,0,2,13,13,0,0,True,0,0,FULL
f759fdfd-b381-440b-9b92-20833615e9ed,IMG_3565.MP4,1,True,0,2,13,12,0,0,True,0,0,FULL
2f81c26a-eb3b-4dbb-9325-a0da9eaf526f,IMG_2933.MP4,2,True,1,2,10,5,0,0,True,0,0,PARTIAL
04ab2568-ba9d-4f5a-83a7-bcc5bbac42e2,IMG_4841.MP4,1,True,0,2,12,12,0,0,True,0,0,FULL
13b619e3-90cc-4f51-9f6d-11cfcf2a0ee2,IMG_2127.MP4,1,True,0,1,10,10,0,0,True,0,0,FULL
50eb2155-7ceb-47d9-af3a-bb19534fa799,IMG_2337.MP4,1,True,0,2,12,12,0,0,True,0,0,FULL
4b8a8492-a2a4-42ee-b104-4fca877e5e0d,IMG_0576.MP4,1,True,0,2,11,11,0,0,True,1,2,FULL
60088419-380a-4f3c-85e9-0cfffd361a16,IMG_1258.MP4,1,True,0,2,12,12,0,0,True,0,0,FULL
42cf9489-c27b-4d6a-ab72-785ef29d43ce,IMG_0486.MP4,1,True,0,2,15,15,0,0,True,0,0,FULL
453bab61-d223-443e-be3b-5446774ea3e7,IMG_0944.MP4,1,True,0,2,10,10,0,0,True,0,0,FULL
caf35202-8b6c-4c6b-85a9-9f556eac346b,IMG_0952.MP4,1,True,0,2,12,12,0,0,True,0,4,FULL
dddfa323-ce32-4c7a-b354-3716932cee01,IMG_1001.MP4,1,True,0,2,12,11,0,0,True,0,0,FULL
7499b057-094b-4d3e-af16-4ea527729b2f,IMG_3580.MP4,1,True,0,1,13,13,0,0,True,0,0,FULL
d71c43ac-74c4-4692-948b-0d968292dc63,IMG_0991.MP4,1,True,0,2,13,12,0,0,True,0,0,FULL
7dffd7ae-a1f3-467f-9d96-a0f0aa7696b5,IMG_1934.MP4,1,True,0,2,11,10,0,0,True,0,0,FULL
115300a9-3d61-4a22-8cb5-e35ddd8319fe,IMG_1441.MP4,1,True,0,2,12,11,0,0,True,0,4,FULL
ccffbbb2-ef01-46d7-a6a4-b9e5ab540d2a,IMG_3426.MP4,1,True,0,2,13,13,0,0,True,0,0,FULL
51766d18-a11a-4641-b4d3-9dcbe1f6fdfc,IMG_0622.MP4,1,True,0,2,15,15,0,0,True,0,0,FULL
7c1d3343-916e-4f8b-a7a5-c1e14c2bf61f,IMG_3413.MP4,1,True,0,1,8,8,0,0,True,0,0,FULL
381eb765-8048-4d88-bc67-d245c8e8bc27,IMG_0629.MP4,1,True,0,2,13,13,0,0,True,0,0,FULL
dabb2e89-f4a0-4bf0-83f7-c5d0323fafd2,IMG_1352.MP4,16,True,0,16,203,12,0,0,True,0,1,FULL
d1074de3-c8a0-406c-a179-8846698e2618,IMG_3200.MP4,1,True,0,2,14,12,0,0,True,0,0,FULL
b513b8aa-8b91-4f82-b980-8cba7e4b2796,IMG_7166.MP4,1,True,0,2,11,9,0,0,True,0,0,FULL
f820ce2e-3db0-4c26-82da-961da74eede3,IMG_0577.MP4,1,True,0,2,12,10,0,0,True,0,2,FULL
72e78149-1232-4ef1-9c79-888fa523109c,IMG_4608.MP4,1,True,0,2,11,11,0,0,True,0,0,FULL
9ba687b6-9e33-4547-b8f5-608560277d82,IMG_3201.MP4,1,True,0,2,16,16,0,0,True,0,0,FULL
a5d1a2d7-3000-4f34-8ab5-f1c983c9a02a,IMG_3397.MP4,1,True,0,2,11,10,0,0,True,0,0,FULL
40a277b2-0d86-432a-b410-b626cee970de,IMG_0915.MP4,1,True,0,2,14,13,0,0,True,0,0,FULL
af395a48-6dee-4e02-855a-3cf8b2b65c5f,IMG_2132.MP4,1,True,0,2,13,13,0,0,True,0,5,FULL
bda35892-4283-49c3-a790-7a7ba0202765,IMG_1046.MP4,1,True,0,2,13,13,0,0,True,0,2,FULL
622b59a5-e04f-4b4a-84ec-20fb6e14ecfb,IMG_3403.MP4,1,True,0,2,13,11,0,0,True,0,5,FULL
a4cd136b-5f78-4f55-bde0-32cbb3704a60,IMG_1045.MP4,1,True,0,2,14,14,0,0,True,0,0,FULL
9201dacc-6c54-44d0-9a06-aef3d55f919e,IMG_3485.MP4,1,True,0,2,10,10,0,0,True,0,0,FULL
8f900c28-2123-4f45-ba4d-da2b06a9d627,IMG_3395.MP4,1,True,0,2,12,12,0,0,True,0,0,FULL
a16873a2-0316-4c11-bf96-2ff203ed5c22,IMG_2126.MP4,1,True,0,2,12,10,0,0,True,0,0,FULL
f06838c4-e932-464e-bb57-2b240735e970,IMG_1259.MP4,1,True,0,2,13,13,0,0,True,0,4,FULL
22696246-bd3e-40b7-8621-894fdd170083,IMG_4854.MP4,1,True,0,2,10,10,0,0,True,0,3,FULL
ee67353a-16f0-46e8-b0b6-518806952824,IMG_1460.MP4,1,True,0,1,15,15,0,0,True,0,2,FULL
c0bca228-da4b-441c-8011-1b54e9f672cf,IMG_0913.MP4,1,True,0,2,13,13,0,0,True,0,0,FULL
2b4305db-7db7-4204-b391-7a9960e1cb80,IMG_1963.MP4,1,True,0,2,15,14,0,0,True,0,0,FULL
62c97580-5698-4f7d-bd74-fc0f9b21daa1,IMG_3584.MP4,1,True,0,2,14,13,0,0,True,0,0,FULL
029c7315-b1a6-41f6-bb48-f1a91b492571,IMG_0588.MP4,1,True,0,1,10,10,0,0,True,0,1,FULL
6ab59055-2a32-4a69-b955-f0e6164b9948,IMG_1004.MP4,1,True,0,2,12,12,0,0,True,0,0,FULL
8cfdfc5e-4c54-45b3-bdb5-54129cc96ba9,IMG_0605.MP4,1,True,0,2,13,12,0,0,True,0,0,FULL
babae120-9372-42ad-b535-02a3276ea2be,IMG_1238.MP4,2,True,1,9,24,9,2,2,True,3,12,PARTIAL
ccfc6b3d-03fa-4261-b8df-cb23fe52716f,IMG_0571.MP4,1,True,0,2,10,9,0,0,True,0,1,FULL
71472884-228e-4245-9048-c418635bce04,IMG_0552.MP4,1,True,0,2,10,10,0,0,True,0,3,FULL
45883da3-437c-45db-83a0-430fbf74f822,IMG_4601.MP4,1,True,0,2,13,12,0,0,True,0,4,FULL
ca647f68-f759-4d9a-bd7a-b1e9370776bc,IMG_3405.MP4,1,True,0,2,11,9,0,0,True,0,0,FULL
e717f8f2-1d52-41b9-80db-1b44e05fb61c,IMG_2958.MP4,1,True,0,2,13,12,0,0,True,0,0,FULL
e76d2368-0b24-4567-b48a-35fc328e3ef3,IMG_1161.MP4,1,True,0,2,14,14,0,0,True,0,0,FULL
754da23b-9e34-4313-8e53-62f474c0bb1a,IMG_0505.MP4,1,True,0,2,14,13,0,0,True,2,0,FULL
d2705b50-c484-4c65-80e0-eb5d80a9bc6a,IMG_3388.MP4,1,True,0,2,9,9,0,0,True,0,0,FULL
e21dcbea-86fc-4c12-ab2f-217f48f3031d,IMG_1373.MP4,1,True,0,2,13,11,0,0,True,0,0,FULL
5a7cec35-3c7e-494f-8e52-13da8d894df4,IMG_3390.MP4,1,True,0,2,14,14,0,0,True,0,0,FULL
4c324fc1-c037-41e1-8354-3ee25cba2185,IMG_9766.MP4,1,True,0,2,10,10,0,0,True,0,3,FULL
a0e18832-e1d5-4d02-b34d-3463dc12ebaa,IMG_0600.MP4,1,True,0,2,12,12,0,0,True,0,0,FULL
64ea4504-f1ef-4e15-8578-8eda0dfff59c,IMG_1146.MP4,1,True,0,2,14,14,0,0,True,0,2,FULL
a4460c10-7473-4287-8d87-a283f6464b1c,IMG_0566.MP4,1,True,0,2,13,13,0,0,True,0,2,FULL
e70a4b8b-b4bd-495b-b7e4-460368ecdf2b,IMG_2928.MP4,1,True,0,2,15,15,0,0,True,0,1,FULL
38c0d310-ff70-4a92-a4fc-f852492392dc,IMG_9753.MP4,1,True,0,1,13,10,0,0,True,0,0,FULL
53ccff00-d55b-48c4-8a17-08d8a406f97f,IMG_0974.MP4,1,True,0,1,11,10,0,0,True,0,0,FULL
15056e1f-b6fa-4250-8ad7-8ff1f1e4ea36,IMG_0580.MP4,1,True,0,2,12,10,0,0,True,0,4,FULL
1e28631c-0084-4d85-97bb-794db8dc7b9a,IMG_0960.MP4,1,True,0,2,12,11,0,0,True,0,0,FULL
03561ba7-51a4-4842-8065-efddb212adc0,IMG_0598.MP4,1,True,0,1,14,11,0,0,True,0,0,FULL
9c04c287-bfed-455d-ae6d-98f7b1338f90,IMG_1463.MP4,1,True,0,2,11,11,0,0,True,0,0,FULL
49711af2-5c3a-4655-a2c4-85cd0bc67a71,export_1754731689768.MP4,1,True,0,2,15,15,0,0,True,0,27,FULL
d2aa832f-8b0b-48a7-9c34-366b5c092ba7,IMG_6382.MP4,1,True,0,2,16,16,0,0,True,0,0,FULL
2efe612a-139c-45c5-a18e-263a85889076,IMG_4106.MP4,1,True,0,2,14,14,0,0,True,0,2,FULL
5eff04ed-8577-4e39-a44a-6f41c993428e,IMG_1453.MP4,1,True,0,2,14,13,0,0,True,0,0,FULL
717c2844-6a84-4633-8dcb-ae88f219dd71,IMG_0917.MP4,1,True,0,2,14,14,0,0,True,0,0,FULL
56aca3c9-4c3c-441c-8b16-3a0917afdacc,IMG_0970.MP4,1,True,0,2,11,10,0,0,True,0,3,FULL
c353f5fc-6906-4af7-b828-f8f8869fe297,IMG_0963.MP4,1,True,0,2,12,11,0,0,True,0,0,FULL
6d93dc3e-478d-45e9-b904-902fddc72269,IMG_0590.MP4,1,True,0,2,10,9,0,0,True,0,0,FULL
a9c4cf6f-c86c-4d9d-8a6d-2a815fe211bd,IMG_2951.MP4,2,True,1,2,10,5,0,0,True,0,0,PARTIAL
615e1528-eebc-4fad-9f66-3610b8dadcb3,IMG_0618.MP4,1,True,0,2,13,11,0,0,True,0,0,FULL
faab55e0-f8c7-4fed-a805-acdb58161946,IMG_0948.MP4,1,True,0,2,11,10,0,0,True,0,0,FULL
92925fbe-8c4e-423c-b60a-52d780d606f0,IMG_1011.MP4,1,True,0,2,13,11,0,0,True,0,0,FULL
64712c6a-c02c-46e9-9f73-16786109468b,IMG_0493.MP4,2,True,1,3,23,9,2,2,True,0,0,PARTIAL
150a1293-8c95-462a-9c18-ca05334a9b7c,IMG_0579.MP4,1,True,0,1,9,9,0,0,True,0,0,FULL
29ad7fb5-05bb-4cff-83cb-c173080fc997,IMG_3965.MP4,1,True,0,2,10,10,0,0,True,0,3,FULL
fbfe0bdf-bb73-49f1-883d-3c7043878355,IMG_1231.MP4,1,True,0,2,15,15,0,0,True,0,1,FULL
28fe6a72-e80f-4a00-90c2-839e424e9943,IMG_1381.MP4,19,True,0,20,255,11,0,0,True,0,0,FULL
2a84a6db-ab99-449a-b55b-5e751e9425b0,IMG_4618.MP4,1,True,0,2,16,16,0,0,True,1,0,FULL
c72db293-8da2-42e0-b2fc-aaada3218e37,IMG_4816.MP4,1,True,0,2,13,13,0,0,True,1,0,FULL
33912c3b-bf64-4d7c-a089-ca31375690a6,IMG_4817.MP4,1,True,0,2,13,13,0,0,True,0,1,FULL
34979d3a-7be3-4ec6-9dc3-7d5fc32f596f,IMG_1981.MP4,1,True,0,2,14,14,0,0,True,0,0,FULL
1ff9c2ba-c5b5-493e-a404-0315aa18d15a,IMG_1965.MP4,1,True,0,2,12,12,0,0,True,0,0,FULL
46f4e118-85c9-4d1a-8b1f-653c0df4cbdc,IMG_0569.MP4,1,True,0,2,9,10,0,0,True,0,3,FULL
10735337-2ae4-452a-92a0-4fccc744d370,IMG_0921.MP4,1,True,0,2,14,14,0,0,True,0,2,FULL
e443594f-81a8-406c-9e0c-366a1567cbcc,IMG_1145.MP4,1,True,0,2,14,14,0,0,True,0,0,FULL
a23f0db3-e2a5-4ea8-aecd-004ad51dd323,IMG_3577.MP4,1,True,0,2,14,14,0,0,True,0,0,FULL
ff589be5-5f62-4adc-bffd-4755cd232a0b,IMG_1144.MP4,1,True,0,1,13,13,0,0,True,0,1,FULL
4068f3ef-b847-468f-beeb-cd7edb3ff72b,IMG_3588.MP4,1,True,0,2,14,12,0,0,True,0,1,FULL
46a32324-a3bf-490e-8236-c4d535caf0f2,IMG_2964.MP4,1,True,0,2,14,14,0,0,True,0,1,FULL
f7f1faf9-6547-4bc0-a866-ed56732853e6,IMG_0608.MP4,1,True,0,2,15,14,0,0,True,0,3,FULL
a9e73a7c-e30b-498c-8c05-6a502934da80,IMG_1254.MP4,1,True,0,2,12,12,0,0,True,0,3,FULL
b6692fee-6ff0-447b-9934-8f1a502181db,IMG_1428.MP4,1,True,0,2,14,13,0,0,True,0,1,FULL
4d163d2e-f52c-4e6c-a19a-ca46bd830c22,IMG_4103.MP4,1,True,0,2,14,14,0,0,True,0,0,FULL
d1b5cf10-123b-43ed-b17f-482934d473d2,IMG_1357.MP4,1,True,0,2,13,12,0,0,True,0,0,FULL
102cff03-05a5-40e4-8c80-36e4fc3dec7a,IMG_4855.MP4,1,True,0,2,10,9,0,0,True,1,0,FULL
8312c2c1-aedc-4878-92d3-f0c9959247be,IMG_2336.MP4,1,True,0,2,10,10,0,0,True,0,1,FULL
507154af-eeb9-446a-aa3f-29b630537ec4,IMG_0585.MP4,1,True,0,1,12,12,0,0,True,0,0,FULL
f5653245-e53f-47f0-a2b9-4d820f906441,IMG_2122.MP4,1,True,0,2,14,14,0,0,True,0,0,FULL
ce5dc1b6-478e-42cc-b38c-683906c0a9a7,IMG_1157.MP4,1,True,0,2,15,14,0,0,True,0,0,FULL
2bcecfa9-0e01-4f57-844f-7622154deced,IMG_0533.MP4,1,True,0,2,13,13,0,0,True,0,0,FULL
7db917d1-13f9-4540-a835-9b9a7c2c2842,IMG_4105.MP4,1,True,0,1,11,11,0,0,True,0,8,FULL
e858a451-d587-40d1-b10b-87cd09fa1005,IMG_0984.MP4,1,True,0,2,12,12,0,0,True,0,0,FULL
929a5daa-bf7b-497f-a1b5-f8309f7260ca,IMG_3960.MP4,1,True,0,2,13,13,0,0,True,0,2,FULL
147be092-0108-4584-b85c-9cf165d3e79f,IMG_1047.MP4,1,True,0,2,13,13,0,0,True,0,0,FULL
08673852-7e9c-4ee3-a1aa-952e3a35fd4c,IMG_3392.MP4,1,True,0,2,12,12,0,0,True,0,0,FULL
647cc54c-3d07-4e1b-bf8e-9d3291477fea,IMG_0589.MP4,1,True,0,2,11,9,0,0,True,0,0,FULL
f4531901-3909-4a17-bb11-7a4348fcc7df,IMG_0942.MP4,1,True,0,2,12,12,0,0,True,0,0,FULL
8b4882ae-1cce-4a22-a749-ad807b0285af,IMG_1050.MP4,1,True,0,2,10,9,0,0,True,0,0,FULL
1256f9c1-c157-496b-b05f-3f7f3e8a2997,IMG_3963.MP4,1,True,0,2,14,13,0,0,True,0,0,FULL
2815b01c-2528-41c8-8f1b-c4ae6306cd31,IMG_0535.MP4,1,True,0,2,13,13,0,0,True,7,0,FULL
98c6d682-6fd6-4287-bf5d-f618d13cad1f,IMG_0965.MP4,1,True,0,2,11,10,0,0,True,0,4,FULL
a08732c5-646a-4bbd-a0f0-efaf951e14fa,IMG_0624.MP4,1,True,0,2,14,14,0,0,True,0,3,FULL
ed08e005-87cf-4a44-8afa-1bc1f46c6574,IMG_4125.MP4,1,True,0,1,16,16,0,0,True,0,14,FULL
88d2246d-8c12-4731-ac3a-bc53be3f7d80,IMG_9770.MP4,1,True,0,1,10,10,0,0,True,0,1,FULL
11062ffb-7570-42cf-aeff-3a755a2ac000,IMG_1049.MP4,1,True,0,2,14,12,0,0,True,0,1,FULL
638502d3-b5cd-4dcc-920e-c8df835d419b,IMG_3571.MP4,1,True,0,2,9,9,0,0,True,0,4,FULL
b1f2b1be-5bee-401e-a1b4-cd96dd853de5,IMG_3375.MP4,1,True,0,2,14,14,0,0,True,0,7,FULL
f881210c-5906-4beb-adb8-31cb649a0f24,IMG_1008.MP4,1,True,0,2,13,13,0,0,True,2,0,FULL
3546e355-f5b2-4e96-9e8c-3c5aec9c2f60,IMG_0586.MP4,1,True,0,1,11,9,0,0,True,0,1,FULL
303aba2b-384d-4c63-b039-8c8ffa74d18c,IMG_1371.MP4,1,True,0,2,12,11,0,0,True,0,5,FULL
d2c5ddeb-2a0f-49e1-84fa-cf8a35a8f15f,IMG_0966.MP4,1,True,0,2,12,11,0,0,True,0,2,FULL
444da390-0117-4380-8c87-d7c32f2903ff,IMG_9871.MOV,2,True,1,4,18,11,1,1,True,0,0,PARTIAL
cc854e8d-db27-4706-ad57-d13cab584bf5,IMG_2335.MP4,1,True,0,2,15,13,0,0,True,0,0,FULL
63cacd82-76c5-4734-aec3-9eb6b9576698,IMG_3480.MP4,1,True,0,2,11,11,0,0,True,0,6,FULL
08c498b3-57ea-4c23-b807-3a131fbf0b2c,IMG_9762.MP4,1,True,0,2,12,12,0,0,True,0,1,FULL
8b7f2ab8-103e-42f0-84d8-a0bc2efd06be,IMG_1384.MP4,26,True,0,26,376,11,0,0,True,0,0,FULL
49ae27e7-0023-467f-8aca-bb104ef47c84,IMG_3199.MP4,1,True,0,2,12,12,0,0,True,0,17,FULL
37285abd-f912-41ce-88db-4962ce09f1e1,IMG_0578.MP4,1,True,0,2,11,8,0,0,True,0,0,FULL
d10c03d6-b2bc-4ccd-a313-ded460a413e3,IMG_4842.MP4,1,True,0,2,13,11,0,0,True,0,2,FULL
c8da8d55-fd4f-4033-be20-e9ba6dcc30a9,IMG_1443.MP4,1,True,0,2,15,15,0,0,True,0,0,FULL
072ac47e-95b7-49e0-b727-9242cb2d3003,IMG_2943.MP4,1,True,0,1,11,11,0,0,True,0,0,FULL
704a3d83-562b-4cf0-8876-a5e1dcfdd6ad,IMG_1358.MP4,1,True,0,2,10,10,0,0,True,0,8,FULL
34663e9c-d7b4-47c8-a5cd-2816cdb2d335,IMG_0956.MP4,1,True,0,2,11,11,0,0,True,0,2,FULL
d7c88954-b326-4bd5-9d5d-9bc43fbcf9d4,IMG_4604.MP4,1,True,0,2,14,13,0,0,True,0,2,FULL
a3f48526-6ef9-4a59-89b1-dfe0e0351266,IMG_1147.MP4,1,True,0,2,15,15,0,0,True,0,0,FULL
536417dd-2987-4f12-9acc-2eb4daa790e4,IMG_1462.MP4,1,True,0,1,16,16,0,0,True,0,0,FULL
dd18ce88-9ac8-424b-ba95-b0ca01b27ee5,IMG_4820.MP4,1,True,0,2,11,11,0,0,True,0,2,FULL
d1ffaf44-6b47-49dc-91f8-1ca9dd1fb72f,IMG_1151.MP4,1,True,0,2,15,13,0,0,True,1,0,FULL
f29e992c-8072-4b9a-b4c7-fddfc6efbcd9,IMG_1237.MP4,1,True,0,2,13,12,0,0,True,0,0,FULL
df261fce-2136-4609-b469-282ccbf1f1bd,IMG_3486.MP4,1,True,0,2,13,13,0,0,True,0,0,FULL
6aef3c16-4b65-46e0-8c0c-ec0e204c24fc,IMG_0922.MP4,1,True,0,1,12,12,0,0,True,0,0,FULL
a8b38444-4570-4f94-a801-98c523975a10,IMG_1440.MP4,1,True,0,2,13,13,0,0,True,0,5,FULL
c44d7a07-0812-4d01-9f29-aca37697798b,IMG_0912.MP4,1,True,0,2,13,12,0,0,True,0,0,FULL
074808e5-5287-4669-96df-39437da6dea5,IMG_1948.MP4,1,True,0,2,12,11,0,0,True,0,4,FULL
a0c1e8dd-ec8f-4551-91ab-1df0fd814a9f,IMG_0962.MP4,1,True,0,1,11,11,0,0,True,0,0,FULL
a9c26640-5852-4335-8b8f-098e661fa1d6,IMG_3573.MP4,1,True,0,2,14,11,0,0,True,0,1,FULL
89b95011-63b5-48aa-8f1c-287a641d1de1,IMG_3423.MP4,1,True,0,2,15,14,0,0,True,0,0,FULL
b961fffb-8539-4112-85e1-c79c5061eca9,IMG_2965.MP4,1,True,0,2,15,14,0,0,True,0,0,FULL
b5b35600-abff-4c78-a34f-0e862de57499,IMG_1235.MP4,1,True,0,2,13,12,0,0,True,0,2,FULL
f3e8f896-766c-404a-8d3b-855b8bfeadce,IMG_2123.MP4,1,True,0,2,12,10,0,0,True,0,1,FULL
7f5a40c3-2819-40b7-b884-dbd53389d041,IMG_0549.MP4,1,True,0,2,10,10,0,0,True,0,0,FULL
8655a01f-6467-4743-b67e-d6e608e00790,IMG_0475.MP4,1,True,0,2,13,13,0,0,True,1,0,FULL
cbd5f9dc-87c9-47d1-a851-5db741c85029,IMG_3585.MP4,1,True,0,2,15,15,0,0,True,0,0,FULL
645aa013-2e6b-431e-ae86-67ea6cb81e69,IMG_7172.MP4,1,True,0,2,15,15,0,0,True,0,0,FULL
a244bec0-ac06-4681-a460-dbe22d82c735,IMG_3196.MP4,1,True,0,2,13,13,0,0,True,0,0,FULL
e47bfd47-14a5-40f2-a056-73d5adaf9ee0,IMG_1962.MP4,1,True,0,2,11,11,0,0,True,0,3,FULL
4abc2325-e877-4a42-83c2-93097aa492a3,IMG_2131.MP4,1,True,0,2,13,12,0,0,True,0,0,FULL
51ddb634-079f-431c-a9d0-6f8afdd7c522,IMG_2956.MP4,1,True,0,2,15,13,0,0,True,0,2,FULL
feb6a521-7f25-4603-a8d6-e0ba9ad0cbcc,IMG_0574.MP4,1,True,0,2,11,9,0,0,True,0,0,FULL
f1376392-7dfd-438c-9127-60b1e641c2b4,IMG_4121.MP4,1,True,0,2,13,10,0,0,True,0,3,FULL
46feb6c5-6b13-42d6-9d9b-2211b20b9498,IMG_3481.MP4,1,True,0,2,15,15,0,0,True,8,1,FULL
c6f8e00f-44c6-4a04-99fa-877677bb814b,IMG_2129.MP4,1,True,0,2,10,8,0,0,True,0,0,FULL
1522cff9-860e-42b5-9dab-c04f3d5df430,IMG_1356.MP4,1,True,0,2,12,12,0,0,True,0,0,FULL
d9772982-8b7a-4ae0-a4a8-94c5e66fd9aa,IMG_3422.MP4,1,True,0,2,15,14,0,0,True,0,0,FULL
63f37914-55a3-4ef5-a905-eb93635d91b3,IMG_3391.MP4,1,True,0,2,11,10,0,0,True,0,0,FULL
61b378f1-8fe4-4897-87af-fce8c38feafc,IMG_4835.MP4,1,True,0,2,14,14,0,0,True,0,2,FULL
954bd4f4-a0b3-4a9a-a467-45ac1d68506b,IMG_0568.MP4,1,True,0,2,9,9,0,0,True,0,5,FULL
56d34ed3-ddae-4532-97a0-85bb776c821a,IMG_0604.MP4,1,True,0,2,13,13,0,0,True,0,3,FULL
5fa9f8bc-4895-45fd-9bc0-b31629391929,IMG_9745.MP4,1,True,0,2,12,11,0,0,True,0,4,FULL
3e453e4f-431d-4b2f-a9c3-555a074ce6f9,IMG_7174.MP4,1,True,0,2,13,13,0,0,True,0,0,FULL
5b835b8b-688b-4075-b346-3ed3db1b66dd,IMG_3961.MP4,1,True,0,2,12,12,0,0,True,0,0,FULL
13153481-9560-4bfb-8231-bda0f51ccce6,IMG_3582.MP4,1,True,0,2,13,13,0,0,True,0,0,FULL
b918186b-2ff5-4e3d-9647-436a15ac1fb7,IMG_4819.MP4,1,True,0,2,12,11,0,0,True,0,0,FULL
a9b8273e-af3f-4a4d-aad0-ef38512261a2,IMG_1380.MP4,1,True,0,2,13,12,0,0,True,0,0,FULL
a638976f-eb2e-4ccc-8b5a-853c1b983819,IMG_0581.MP4,1,True,0,1,8,9,0,0,True,0,1,FULL
0142e25c-f4d6-4c37-87dd-b09aab2c8cc4,IMG_7171.MP4,1,True,0,2,14,14,0,0,True,0,2,FULL
7098e210-5e86-4c0e-87bf-f85bf5a9fdca,IMG_2955.MP4,1,True,0,2,11,11,0,0,True,0,0,FULL
e48af1bd-b774-47fe-a330-64aef8b6ad85,IMG_1152.MP4,1,True,0,1,15,14,0,0,True,0,0,FULL
c86344e9-5b32-4d86-9205-67952d508651,IMG_3429.MP4,3,True,1,7,23,8,2,2,True,1,2,PARTIAL
b98cc70e-a222-4470-9744-66b8aaccb059,IMG_9760.MP4,1,True,0,2,13,12,0,0,True,0,2,FULL
d9f3f4b6-8d00-40b4-9586-519796b881ee,IMG_1951.MP4,1,True,0,2,11,10,0,0,True,0,4,FULL
900f8651-f530-49a3-8e7b-cdb0b327f5e3,IMG_1368.MP4,1,True,0,2,14,10,0,0,True,0,4,FULL
f41969d7-7dac-43d3-b655-6c49977143ab,IMG_2125.MP4,1,True,0,2,12,12,0,0,True,0,3,FULL
3df4b901-d6b4-426e-a944-6e4145fc054b,IMG_0610.MP4,1,True,0,1,11,10,0,0,True,0,0,FULL
6d0acca4-e0cb-44c1-ac50-cc4b084fc864,IMG_3968.MP4,1,True,0,2,10,9,0,0,True,0,1,FULL
b13b7506-8d3c-4b1f-812e-40664557f66b,IMG_3398.MP4,1,True,0,2,14,12,0,0,True,0,3,FULL
1c06b904-b688-4cee-826f-c548c72bb18a,IMG_9764.MP4,1,True,0,2,12,10,0,0,True,0,0,FULL
0fbeca4d-e690-4a72-9c67-ec35e202a957,IMG_4615.MP4,1,True,0,2,14,14,0,0,True,1,0,FULL
0713a336-df2a-4242-8632-c9d074ce5a0a,IMG_3431.MP4,1,True,0,2,13,13,0,0,True,0,3,FULL
c8691838-c658-4828-a8b1-455df0a9cca1,IMG_2961.MP4,1,True,0,2,14,14,0,0,True,0,1,FULL
9a4957bd-61bf-47dd-bd68-1debda5018eb,IMG_1253.MP4,1,True,0,2,13,13,0,0,True,0,38,FULL
b3bb38d1-a283-40f1-bb54-cfd48f0fdcb9,IMG_3964.MP4,1,True,0,2,14,10,0,0,True,0,0,FULL
4968cbbf-3034-4560-b234-dbd0ce45d8e2,IMG_0920.MP4,1,True,0,2,12,12,0,0,True,1,0,FULL
bfba4d91-0cfd-4d61-91f1-014e76c2970a,IMG_9761.MP4,1,True,0,2,13,12,0,0,True,0,0,FULL
794d999e-17e2-4b6e-82a6-029100a4cc35,IMG_0996.MP4,1,True,0,2,14,14,0,0,True,0,0,FULL
d1c66aec-c3a3-485a-b341-b6f3c1e7d8a2,IMG_1459.MP4,1,True,0,2,14,14,0,0,True,0,0,FULL
61c9dd6c-b5e4-4435-9d68-2beb3e91db70,IMG_0611.MP4,1,True,0,2,14,13,0,0,True,0,0,FULL
f33dfc19-8fd2-4909-927b-5c1362f8fb55,IMG_1461.MP4,2,True,1,2,10,5,0,0,True,0,0,PARTIAL
a509093d-278c-4df9-8c5c-8db79c3772a1,IMG_4606.MP4,1,True,0,2,11,11,0,0,True,0,2,FULL
c4978b26-c6b8-44bf-a279-92647eb27882,IMG_1455.MP4,1,True,0,2,12,12,0,0,True,0,0,FULL
235916bc-b4f9-42b9-845d-c7eeea3e15b0,IMG_3484.MP4,1,True,0,2,12,12,0,0,True,0,1,FULL
f544327c-9f24-48f9-afb3-e907d60daccc,IMG_0587.MP4,1,True,0,2,11,10,0,0,True,0,0,FULL
3bd93653-e898-40f3-bb98-d032d98efbc9,IMG_0561.MP4,1,True,0,1,10,9,0,0,True,0,0,FULL
f47a64b3-b270-4d4d-80c3-8c9a314d8191,IMG_7173.MP4,1,True,0,2,13,13,0,0,True,0,0,FULL
02fdd38f-3936-44d1-a724-5f9cc8968993,IMG_0582.MP4,1,True,0,2,11,11,0,0,True,0,3,FULL
1b6eaac5-fc96-48c9-865b-dcb5d01db500,IMG_4107.MP4,1,True,0,2,15,15,0,0,True,0,0,FULL
7e3de05a-1da1-4700-9170-326717728245,IMG_1163.MP4,1,True,0,2,12,11,0,0,True,0,3,FULL
d98ba5f0-7c8e-4ab7-8b22-2a2053ad113f,IMG_1012.MP4,1,True,0,2,12,10,0,0,True,0,0,FULL
3c7ee1ff-2104-463a-9683-25b77db8802e,IMG_0959.MP4,1,True,0,2,15,14,0,0,True,0,0,FULL
1b6f3d15-cf2f-4087-ade3-22a868577494,IMG_3427.MP4,1,True,0,2,13,13,0,0,True,0,0,FULL
1fca7c64-4fcf-407a-a0eb-c0dc7381c5c8,IMG_3376.MP4,1,True,0,2,14,14,0,0,True,0,7,FULL
b5bb4a22-2666-4915-bdf5-e46df4b97d3d,IMG_0958.MP4,1,True,0,1,12,12,0,0,True,0,2,FULL
846f8627-d95e-4949-8201-6fe94d45a9f0,IMG_1945.MP4,1,True,0,2,12,12,0,0,True,0,1,FULL
c54f3c68-3ae7-4e1a-9534-5667a0d76ec8,IMG_1374.MP4,1,True,0,2,10,10,0,0,True,0,0,FULL
30b12f6b-f7fd-4046-bf4e-bb2b1df8bd7f,IMG_3574.MP4,1,True,0,2,12,12,0,0,True,0,4,FULL
5c977237-88b2-4179-a69e-564270fd9ef9,IMG_4123.MP4,1,True,0,2,12,12,0,0,True,0,0,FULL
d71556bf-21e1-4b5b-b882-5c65a32e6574,IMG_0545.MP4,1,True,0,1,10,11,0,0,True,0,0,FULL
82d7ffd3-b2b7-40bd-ab2d-cef67163e944,IMG_0625.MP4,1,True,0,2,15,15,0,0,True,0,0,FULL
e20376b7-f242-40ce-bbf6-d19ed73a12e5,IMG_9740.MP4,1,True,0,2,12,9,0,0,True,0,2,FULL
0da8ad77-73c0-469e-8b26-429e373f5744,IMG_1162.MP4,1,True,0,2,13,12,0,0,True,0,3,FULL
8e9fc753-2636-425f-ae18-0668687236bc,IMG_1944.MP4,1,True,0,2,12,11,0,0,True,0,0,FULL
3a3f803d-35d3-444f-9c87-93765544c840,IMG_3197.MP4,1,True,0,2,14,12,0,0,True,0,0,FULL
b2eb47e9-05e0-48dd-a2f8-fe02bb1f1c08,IMG_3566.MP4,1,True,0,2,15,13,0,0,True,0,0,FULL
8710b812-ff55-46df-9530-91418de1ebbb,IMG_0987.MP4,1,True,0,2,13,13,0,0,True,0,5,FULL
b85cafa1-64e1-4ad5-a5a4-5a8eb408847e,IMG_1232.MP4,1,True,0,2,12,11,0,0,True,0,1,FULL
52e64edd-2044-4337-9c42-0a159474d474,IMG_1454.MP4,1,True,0,2,14,14,0,0,True,0,0,FULL
b915374c-a674-4008-aabc-aea78494ada1,IMG_1946.MP4,1,True,0,2,13,13,0,0,True,0,2,FULL
2b889768-fcef-49a5-92e8-e07d2fb4523d,IMG_1387.MP4,5,True,0,5,67,14,0,0,True,0,0,FULL
36a88611-ca91-45dc-8952-a1e80cd5b6c2,IMG_9754.MP4,1,True,0,2,12,11,0,0,True,0,0,FULL
7d268af4-cf7c-41a5-80f2-01f1b61ca153,IMG_1936.MP4,1,True,0,2,11,11,0,0,True,0,0,FULL
c738a20a-e4ce-44d3-9c35-10715e29aa61,IMG_2938.MP4,1,True,0,2,15,13,0,0,True,0,2,FULL
bfae6c51-5d71-47ae-a3e1-6d07092b8896,IMG_2963.MP4,2,True,1,5,30,8,3,3,True,0,11,PARTIAL
4761c4a7-c821-4b34-a389-39d3a7504dd3,IMG_1966.MP4,1,True,0,2,13,13,0,0,True,0,1,FULL
1f5a0adb-10eb-4988-ade0-a013c93e95c4,IMG_1937.MP4,1,True,0,2,11,10,0,0,True,0,0,FULL
34c508b7-e7c9-4caa-949a-ab6bd4a6e1e4,IMG_0630.MP4,1,True,0,1,13,12,0,0,True,0,0,FULL
7b62485b-ccc8-4875-8f54-7c18f20a10a3,IMG_6381.MP4,1,True,0,2,13,12,0,0,True,0,0,FULL
645e0249-c436-4175-a1fd-932a9f8d2823,IMG_0626.MP4,1,True,0,2,12,12,0,0,True,0,0,FULL
2667b765-55c9-4105-b26b-48f3fd14b291,IMG_3389.MP4,1,True,0,2,14,13,0,0,True,0,1,FULL
f63cc53f-dd60-4693-abc4-f6ccd9656aec,IMG_0555.MP4,1,True,0,2,13,10,0,0,True,0,5,FULL
3c81bbb7-84ed-4978-bd86-6fca2f513e69,IMG_2931.MP4,1,True,0,2,14,14,0,0,True,0,2,FULL
3c344333-0c18-4468-9d5c-5896829f9d4c,IMG_1353.MP4,1,True,0,1,15,15,0,0,True,0,0,FULL
0b3e6dd7-5218-475c-9e82-7ddcfeeb6288,IMG_0595.MP4,1,True,0,2,11,8,0,0,True,0,3,FULL
3bfcb885-acb6-4073-a61e-7167a2a38aaf,IMG_0950.MP4,1,True,0,2,13,13,0,0,True,0,0,FULL
7f6e66d0-bb81-4073-ac64-31d6f062a18a,IMG_1954.MP4,1,True,0,2,11,11,0,0,True,0,0,FULL
6bf8210f-893d-481c-a535-aee954f5cf78,IMG_2976.MP4,1,True,0,2,15,15,0,0,True,0,0,FULL
2e6c8981-37a6-424d-9e87-f64fdae48699,IMG_9746.MP4,1,True,0,2,11,11,0,0,True,1,3,FULL
63cb74a5-292b-40ed-9a13-ce460b6e99ef,IMG_1968.MP4,1,True,0,2,10,10,0,0,True,0,2,FULL
17ba155a-aad5-480b-9612-7dc9fe850a77,IMG_2983.MP4,1,True,0,2,14,14,0,0,True,0,0,FULL
f6ceae16-4576-4d02-9098-5de661f1b824,IMG_1939.MP4,1,True,0,2,12,11,0,0,True,0,1,FULL
3829debc-4439-4212-8780-0f4e46ca31fa,IMG_1363.MP4,1,True,0,2,12,12,0,0,True,0,0,FULL
fa58dc24-da69-488e-ad5f-a4566629a7b8,IMG_2939.MP4,1,True,0,2,13,11,0,0,True,0,0,FULL
51da2d33-b316-47e9-a621-779da0358398,IMG_0992.MP4,1,True,0,2,11,10,0,0,True,0,0,FULL
ef44c4b1-048b-41f7-b675-a1a0ae29331b,IMG_1230.MP4,1,True,0,2,14,14,0,0,True,0,1,FULL
d666ba57-2e5d-4b2f-ab1f-b4d18472c765,IMG_2984.MP4,1,True,0,2,14,14,0,0,True,0,0,FULL
09138b71-a578-4f20-9e77-446aebab9473,IMG_2974.MP4,1,True,0,2,11,11,0,0,True,0,0,FULL
6740f537-f79a-4adf-a6bc-4a152ab41f5a,IMG_3198.MP4,1,True,0,2,12,11,0,0,True,0,3,FULL
1c8aa60d-62d5-401d-ae6e-35fd565946a3,IMG_0975.MP4,1,True,0,2,16,16,0,0,True,0,0,FULL
99a2ce67-83ba-401c-9859-ab94909a0520,IMG_3387.MP4,1,True,0,2,11,10,0,0,True,0,0,FULL
653d61eb-1837-431e-96e8-b1349eb9af97,IMG_1465.MP4,1,True,0,2,14,14,0,0,True,0,0,FULL
2a8464d3-1eca-4ee6-8f71-c270036449ca,IMG_2959.MP4,1,True,0,2,16,16,0,0,True,0,0,FULL
e8afda41-b91c-4983-ad83-0b361a66d627,IMG_1051.MP4,1,True,0,1,10,10,0,0,True,0,0,FULL
a17d440c-6f1a-4ae8-86bb-8143745a8c1f,IMG_0529.MP4,1,True,0,2,13,13,0,0,True,1,0,FULL
9f3d3adb-55ee-4ed6-97c7-56a73da13786,IMG_3572.MP4,1,True,0,2,10,10,0,0,True,0,12,FULL
5c8e8f05-1703-4f00-9cd2-f1fccbf17d94,IMG_3592.MP4,2,True,1,2,10,5,0,0,True,0,0,PARTIAL
96d0c36b-694a-433c-b374-0febbacaf5df,IMG_2339.MP4,1,True,0,2,13,13,0,0,True,0,0,FULL
753eb5f3-82c7-4148-a226-d5b960fd8619,IMG_1160.MP4,4,True,1,13,27,9,2,2,True,9,0,PARTIAL
40c39595-e6f3-47dc-839b-e07cee52d5f2,IMG_0964.MP4,1,True,0,2,13,12,0,0,True,0,6,FULL
a4d6574d-7819-454b-91df-88cec67c433d,IMG_0947.MP4,1,True,0,2,12,11,0,0,True,0,0,FULL
5a8e8684-13bf-443e-8f56-1770363415a8,IMG_2981.MP4,1,True,0,2,14,14,0,0,True,0,6,FULL
2d317c8f-bcae-4a17-8546-8a47ca698f39,IMG_4124.MP4,1,True,0,2,12,12,0,0,True,0,11,FULL
28a8a1ff-2f78-4028-a298-11924f768aa2,IMG_1430.MP4,1,True,0,2,13,10,0,0,True,0,1,FULL
b17c5b6e-8b53-45b6-b8de-83f02d482d77,IMG_3575.MP4,2,True,1,2,10,5,0,0,True,0,0,PARTIAL
2c6487ea-371c-4c44-9fb5-4c61b2739840,IMG_0557.MP4,1,True,0,2,11,11,0,0,True,0,3,FULL
3ccbbe16-cfe2-4de3-8bd5-108d3fadf2fb,IMG_0602.MP4,1,True,0,2,14,11,0,0,True,0,0,FULL
5171a33c-20b6-47b5-8d71-e13c641b4ed9,IMG_3419.MP4,1,True,0,2,12,12,0,0,True,0,0,FULL
7dce2e56-e9d4-4d3a-a891-febe2857824f,IMG_9769.MP4,1,True,0,2,12,11,0,0,True,0,2,FULL
e01863d6-7989-4be6-a4fa-1082ec1db7c5,IMG_3586.MP4,1,True,0,2,13,11,0,0,True,0,1,FULL
c8027745-f59a-4aa6-a4e2-ea72c8c7b8e2,IMG_1375.MP4,1,True,0,2,12,12,0,0,True,0,0,FULL
9993bf51-a0c2-4dd3-8c37-42bc9db2024b,IMG_2345.MP4,1,True,0,2,14,14,0,0,True,0,2,FULL
29e3f4db-c27a-4344-b413-f45fcfb6ac50,IMG_3400.MP4,1,True,0,2,13,12,0,0,True,1,0,FULL
8100b032-80fc-4f4a-ac53-99b854636512,IMG_4821.MP4,1,True,0,2,12,12,0,0,True,0,1,FULL
11aaefd2-096f-4ddb-999f-0b69539b08bc,IMG_2937.MP4,1,True,0,2,14,14,0,0,True,0,0,FULL
1322967a-afc8-40c0-920f-640de48e86c8,IMG_9767.MP4,1,True,0,2,14,14,0,0,True,1,4,FULL
7c8deaf5-2cb9-4c85-80d1-7a9e2d3e8a37,IMG_7175.MP4,1,True,0,2,15,13,0,0,True,0,0,FULL
a1c28b62-2a7c-453d-901a-764f1a426219,IMG_4818.MP4,1,True,0,2,14,14,0,0,True,0,0,FULL
da21c312-aa47-4fe2-9bf6-9a93135f157f,IMG_1432.MP4,1,True,0,2,15,13,0,0,True,0,9,FULL
a1f5685e-e72a-4535-8ff9-2d11644060d1,IMG_3418.MP4,1,True,0,2,14,14,0,0,True,0,1,FULL
935c6405-ca7d-4207-bd67-add307cfae83,IMG_0562.MP4,1,True,0,1,12,11,0,0,True,0,0,FULL
45267f8f-ff9e-4f55-a10c-439b9418f4d6,IMG_0918.MP4,1,True,0,2,16,16,0,0,True,0,1,FULL
d0657a02-b2af-47c1-ada9-85895dcede35,IMG_9763.MP4,1,True,0,2,11,11,0,0,True,0,2,FULL
fe154466-608c-4787-8f18-a7c15b6051a9,IMG_2340.MP4,1,True,0,2,12,11,0,0,True,0,0,FULL
9f7d7d08-96d0-46c1-9b5c-49d4cc3b3635,IMG_0504.MP4,1,True,0,2,13,13,0,0,True,5,0,FULL
