asset_id,filename,layer_id,semantic_state,processing_status,assertion_count,evidence_count,review_status,analysis_run
7f72217d-3839-4920-86b4-ccc33e9e3d95,IMG_0531.MP4,ASSET_IDENTITY_PROVENANCE,OBSERVED,COMPLETE,1,1,PENDING,66d27ae7-2a1e-58ab-b592-aaaeadc297a7
7f72217d-3839-4920-86b4-ccc33e9e3d95,IMG_0531.MP4,GLOBAL_ASSET_UNDERSTANDING,OBSERVED,COMPLETE,1,1,PENDING,66d27ae7-2a1e-58ab-b592-aaaeadc297a7
7f72217d-3839-4920-86b4-ccc33e9e3d95,IMG_0531.MP4,TEMPORAL_SCENE_STRUCTURE,OBSERVED,COMPLETE,1,1,PENDING,66d27ae7-2a1e-58ab-b592-aaaeadc297a7
7f72217d-3839-4920-86b4-ccc33e9e3d95,IMG_0531.MP4,PEOPLE_ROLES,OBSERVED,COMPLETE,2,2,PENDING,66d27ae7-2a1e-58ab-b592-aaaeadc297a7
7f72217d-3839-4920-86b4-ccc33e9e3d95,IMG_0531.MP4,PERSON_APPEARANCE,OBSERVED,COMPLETE,3,3,PENDING,66d27ae7-2a1e-58ab-b592-aaaeadc297a7
7f72217d-3839-4920-86b4-ccc33e9e3d95,IMG_0531.MP4,ANATOMY,OBSERVED,COMPLETE,2,2,PENDING,66d27ae7-2a1e-58ab-b592-aaaeadc297a7
7f72217d-3839-4920-86b4-ccc33e9e3d95,IMG_0531.MP4,TREATMENT_PROCEDURE,OBSERVED,COMPLETE,1,1,PENDING,66d27ae7-2a1e-58ab-b592-aaaeadc297a7
7f72217d-3839-4920-86b4-ccc33e9e3d95,IMG_0531.MP4,ACTIONS_EVENTS,OBSERVED,COMPLETE,1,1,PENDING,66d27ae7-2a1e-58ab-b592-aaaeadc297a7
7f72217d-3839-4920-86b4-ccc33e9e3d95,IMG_0531.MP4,RELATIONSHIPS,OBSERVED,COMPLETE,3,3,PENDING,66d27ae7-2a1e-58ab-b592-aaaeadc297a7
7f72217d-3839-4920-86b4-ccc33e9e3d95,IMG_0531.MP4,CLINICAL_VISUAL_OBSERVATIONS,OBSERVED,COMPLETE,1,1,PENDING,66d27ae7-2a1e-58ab-b592-aaaeadc297a7
7f72217d-3839-4920-86b4-ccc33e9e3d95,IMG_0531.MP4,ENVIRONMENT,OBSERVED,COMPLETE,1,1,PENDING,66d27ae7-2a1e-58ab-b592-aaaeadc297a7
7f72217d-3839-4920-86b4-ccc33e9e3d95,IMG_0531.MP4,CINEMATOGRAPHY,OBSERVED,COMPLETE,3,3,PENDING,66d27ae7-2a1e-58ab-b592-aaaeadc297a7
7f72217d-3839-4920-86b4-ccc33e9e3d95,IMG_0531.MP4,COMPOSITION,OBSERVED,COMPLETE,2,2,PENDING,66d27ae7-2a1e-58ab-b592-aaaeadc297a7
7f72217d-3839-4920-86b4-ccc33e9e3d95,IMG_0531.MP4,SPEECH_TRANSCRIPT_AUDIO,UNKNOWN,COMPLETE,4,1,PENDING,add7f147-d2e0-5d37-9e98-5c66025257b3
7f72217d-3839-4920-86b4-ccc33e9e3d95,IMG_0531.MP4,OCR_VISIBLE_TEXT,UNKNOWN,COMPLETE,1,0,PENDING,dc2a515b-488d-5115-8dab-8d75015c8ab9
7f72217d-3839-4920-86b4-ccc33e9e3d95,IMG_0531.MP4,MARKETING_CONTENT_USAGE,OBSERVED,COMPLETE,2,2,PENDING,66d27ae7-2a1e-58ab-b592-aaaeadc297a7
7f72217d-3839-4920-86b4-ccc33e9e3d95,IMG_0531.MP4,SEMANTIC_NARRATIVE,OBSERVED,COMPLETE,1,1,PENDING,7b0fbcfe-04fb-52d8-b634-94eb787fc01d
7f72217d-3839-4920-86b4-ccc33e9e3d95,IMG_0531.MP4,SEARCH_EMBEDDINGS,OBSERVED,COMPLETE,1,1,PENDING,66d27ae7-2a1e-58ab-b592-aaaeadc297a7
babae120-9372-42ad-b535-02a3276ea2be,IMG_1238.MP4,ASSET_IDENTITY_PROVENANCE,OBSERVED,COMPLETE,1,1,PENDING,4473c22d-2229-503f-9695-2b103d25d2f3
babae120-9372-42ad-b535-02a3276ea2be,IMG_1238.MP4,GLOBAL_ASSET_UNDERSTANDING,OBSERVED,COMPLETE,1,1,PENDING,4473c22d-2229-503f-9695-2b103d25d2f3
babae120-9372-42ad-b535-02a3276ea2be,IMG_1238.MP4,TEMPORAL_SCENE_STRUCTURE,OBSERVED,COMPLETE,1,1,PENDING,4473c22d-2229-503f-9695-2b103d25d2f3
babae120-9372-42ad-b535-02a3276ea2be,IMG_1238.MP4,PEOPLE_ROLES,OBSERVED,COMPLETE,2,2,PENDING,4473c22d-2229-503f-9695-2b103d25d2f3
babae120-9372-42ad-b535-02a3276ea2be,IMG_1238.MP4,PERSON_APPEARANCE,OBSERVED,COMPLETE,4,4,PENDING,4473c22d-2229-503f-9695-2b103d25d2f3
babae120-9372-42ad-b535-02a3276ea2be,IMG_1238.MP4,ANATOMY,OBSERVED,COMPLETE,2,2,PENDING,4473c22d-2229-503f-9695-2b103d25d2f3
babae120-9372-42ad-b535-02a3276ea2be,IMG_1238.MP4,TREATMENT_PROCEDURE,UNKNOWN,COMPLETE,1,0,PENDING,4473c22d-2229-503f-9695-2b103d25d2f3
babae120-9372-42ad-b535-02a3276ea2be,IMG_1238.MP4,ACTIONS_EVENTS,OBSERVED,COMPLETE,2,2,PENDING,4473c22d-2229-503f-9695-2b103d25d2f3
babae120-9372-42ad-b535-02a3276ea2be,IMG_1238.MP4,RELATIONSHIPS,OBSERVED,COMPLETE,3,3,PENDING,4473c22d-2229-503f-9695-2b103d25d2f3
babae120-9372-42ad-b535-02a3276ea2be,IMG_1238.MP4,CLINICAL_VISUAL_OBSERVATIONS,OBSERVED,COMPLETE,1,1,PENDING,4473c22d-2229-503f-9695-2b103d25d2f3
babae120-9372-42ad-b535-02a3276ea2be,IMG_1238.MP4,ENVIRONMENT,OBSERVED,COMPLETE,1,1,PENDING,4473c22d-2229-503f-9695-2b103d25d2f3
babae120-9372-42ad-b535-02a3276ea2be,IMG_1238.MP4,CINEMATOGRAPHY,OBSERVED,COMPLETE,3,3,PENDING,4473c22d-2229-503f-9695-2b103d25d2f3
babae120-9372-42ad-b535-02a3276ea2be,IMG_1238.MP4,COMPOSITION,OBSERVED,COMPLETE,2,2,PENDING,4473c22d-2229-503f-9695-2b103d25d2f3
babae120-9372-42ad-b535-02a3276ea2be,IMG_1238.MP4,SPEECH_TRANSCRIPT_AUDIO,OBSERVED,COMPLETE,4,1,PENDING,cb03175d-29a9-5a49-8428-5ba55124b52e
babae120-9372-42ad-b535-02a3276ea2be,IMG_1238.MP4,OCR_VISIBLE_TEXT,OBSERVED,COMPLETE,1,1,PENDING,2ff16dc2-54ed-5a07-87d5-b082a1445156
babae120-9372-42ad-b535-02a3276ea2be,IMG_1238.MP4,MARKETING_CONTENT_USAGE,OBSERVED,COMPLETE,2,2,PENDING,4473c22d-2229-503f-9695-2b103d25d2f3
babae120-9372-42ad-b535-02a3276ea2be,IMG_1238.MP4,SEMANTIC_NARRATIVE,OBSERVED,COMPLETE,1,1,PENDING,65052cd0-8a5a-542f-a9a8-ec82f1c6e6ab
babae120-9372-42ad-b535-02a3276ea2be,IMG_1238.MP4,SEARCH_EMBEDDINGS,OBSERVED,COMPLETE,1,1,PENDING,4473c22d-2229-503f-9695-2b103d25d2f3
c86344e9-5b32-4d86-9205-67952d508651,IMG_3429.MP4,ASSET_IDENTITY_PROVENANCE,OBSERVED,COMPLETE,1,1,PENDING,8e1301dc-17ac-5851-a1d7-0ba2e4bfe5b8
c86344e9-5b32-4d86-9205-67952d508651,IMG_3429.MP4,GLOBAL_ASSET_UNDERSTANDING,OBSERVED,COMPLETE,1,1,PENDING,8e1301dc-17ac-5851-a1d7-0ba2e4bfe5b8
c86344e9-5b32-4d86-9205-67952d508651,IMG_3429.MP4,TEMPORAL_SCENE_STRUCTURE,OBSERVED,COMPLETE,1,1,PENDING,8e1301dc-17ac-5851-a1d7-0ba2e4bfe5b8
c86344e9-5b32-4d86-9205-67952d508651,IMG_3429.MP4,PEOPLE_ROLES,OBSERVED,COMPLETE,2,2,PENDING,8e1301dc-17ac-5851-a1d7-0ba2e4bfe5b8
c86344e9-5b32-4d86-9205-67952d508651,IMG_3429.MP4,PERSON_APPEARANCE,OBSERVED,COMPLETE,3,3,PENDING,8e1301dc-17ac-5851-a1d7-0ba2e4bfe5b8
c86344e9-5b32-4d86-9205-67952d508651,IMG_3429.MP4,ANATOMY,OBSERVED,COMPLETE,1,1,PENDING,8e1301dc-17ac-5851-a1d7-0ba2e4bfe5b8
c86344e9-5b32-4d86-9205-67952d508651,IMG_3429.MP4,TREATMENT_PROCEDURE,OBSERVED,COMPLETE,1,1,PENDING,8e1301dc-17ac-5851-a1d7-0ba2e4bfe5b8
c86344e9-5b32-4d86-9205-67952d508651,IMG_3429.MP4,ACTIONS_EVENTS,OBSERVED,COMPLETE,2,2,PENDING,8e1301dc-17ac-5851-a1d7-0ba2e4bfe5b8
c86344e9-5b32-4d86-9205-67952d508651,IMG_3429.MP4,RELATIONSHIPS,OBSERVED,COMPLETE,2,2,PENDING,8e1301dc-17ac-5851-a1d7-0ba2e4bfe5b8
c86344e9-5b32-4d86-9205-67952d508651,IMG_3429.MP4,CLINICAL_VISUAL_OBSERVATIONS,OBSERVED,COMPLETE,1,1,PENDING,8e1301dc-17ac-5851-a1d7-0ba2e4bfe5b8
c86344e9-5b32-4d86-9205-67952d508651,IMG_3429.MP4,ENVIRONMENT,OBSERVED,COMPLETE,1,1,PENDING,8e1301dc-17ac-5851-a1d7-0ba2e4bfe5b8
c86344e9-5b32-4d86-9205-67952d508651,IMG_3429.MP4,CINEMATOGRAPHY,OBSERVED,COMPLETE,3,3,PENDING,8e1301dc-17ac-5851-a1d7-0ba2e4bfe5b8
c86344e9-5b32-4d86-9205-67952d508651,IMG_3429.MP4,COMPOSITION,OBSERVED,COMPLETE,2,2,PENDING,8e1301dc-17ac-5851-a1d7-0ba2e4bfe5b8
c86344e9-5b32-4d86-9205-67952d508651,IMG_3429.MP4,SPEECH_TRANSCRIPT_AUDIO,OBSERVED,COMPLETE,4,1,PENDING,2d1071bb-5f3f-56e4-91cd-973c40cde7cb
c86344e9-5b32-4d86-9205-67952d508651,IMG_3429.MP4,OCR_VISIBLE_TEXT,UNKNOWN,COMPLETE,1,0,PENDING,2a21f21c-561b-5b3f-8e15-f7b49cae5711
c86344e9-5b32-4d86-9205-67952d508651,IMG_3429.MP4,MARKETING_CONTENT_USAGE,OBSERVED,COMPLETE,2,2,PENDING,8e1301dc-17ac-5851-a1d7-0ba2e4bfe5b8
c86344e9-5b32-4d86-9205-67952d508651,IMG_3429.MP4,SEMANTIC_NARRATIVE,OBSERVED,COMPLETE,1,1,PENDING,7a15eb29-ce4b-557d-850a-0482f0325ee4
c86344e9-5b32-4d86-9205-67952d508651,IMG_3429.MP4,SEARCH_EMBEDDINGS,OBSERVED,COMPLETE,1,1,PENDING,8e1301dc-17ac-5851-a1d7-0ba2e4bfe5b8
444da390-0117-4380-8c87-d7c32f2903ff,IMG_9871.MOV,ASSET_IDENTITY_PROVENANCE,OBSERVED,COMPLETE,1,1,PENDING,425e7aa6-582c-5018-9d63-c8fe92d332ae
444da390-0117-4380-8c87-d7c32f2903ff,IMG_9871.MOV,GLOBAL_ASSET_UNDERSTANDING,OBSERVED,COMPLETE,1,1,PENDING,425e7aa6-582c-5018-9d63-c8fe92d332ae
444da390-0117-4380-8c87-d7c32f2903ff,IMG_9871.MOV,TEMPORAL_SCENE_STRUCTURE,OBSERVED,COMPLETE,1,1,PENDING,425e7aa6-582c-5018-9d63-c8fe92d332ae
444da390-0117-4380-8c87-d7c32f2903ff,IMG_9871.MOV,PEOPLE_ROLES,OBSERVED,COMPLETE,1,1,PENDING,425e7aa6-582c-5018-9d63-c8fe92d332ae
444da390-0117-4380-8c87-d7c32f2903ff,IMG_9871.MOV,PERSON_APPEARANCE,OBSERVED,COMPLETE,3,3,PENDING,425e7aa6-582c-5018-9d63-c8fe92d332ae
444da390-0117-4380-8c87-d7c32f2903ff,IMG_9871.MOV,ANATOMY,OBSERVED,COMPLETE,1,1,PENDING,425e7aa6-582c-5018-9d63-c8fe92d332ae
444da390-0117-4380-8c87-d7c32f2903ff,IMG_9871.MOV,TREATMENT_PROCEDURE,UNKNOWN,COMPLETE,1,0,PENDING,425e7aa6-582c-5018-9d63-c8fe92d332ae
444da390-0117-4380-8c87-d7c32f2903ff,IMG_9871.MOV,ACTIONS_EVENTS,OBSERVED,COMPLETE,2,2,PENDING,425e7aa6-582c-5018-9d63-c8fe92d332ae
444da390-0117-4380-8c87-d7c32f2903ff,IMG_9871.MOV,RELATIONSHIPS,OBSERVED,COMPLETE,1,1,PENDING,425e7aa6-582c-5018-9d63-c8fe92d332ae
444da390-0117-4380-8c87-d7c32f2903ff,IMG_9871.MOV,CLINICAL_VISUAL_OBSERVATIONS,UNKNOWN,COMPLETE,1,0,PENDING,425e7aa6-582c-5018-9d63-c8fe92d332ae
444da390-0117-4380-8c87-d7c32f2903ff,IMG_9871.MOV,ENVIRONMENT,UNKNOWN,COMPLETE,1,0,PENDING,425e7aa6-582c-5018-9d63-c8fe92d332ae
444da390-0117-4380-8c87-d7c32f2903ff,IMG_9871.MOV,CINEMATOGRAPHY,OBSERVED,COMPLETE,4,4,PENDING,425e7aa6-582c-5018-9d63-c8fe92d332ae
444da390-0117-4380-8c87-d7c32f2903ff,IMG_9871.MOV,COMPOSITION,OBSERVED,COMPLETE,2,2,PENDING,425e7aa6-582c-5018-9d63-c8fe92d332ae
444da390-0117-4380-8c87-d7c32f2903ff,IMG_9871.MOV,SPEECH_TRANSCRIPT_AUDIO,OBSERVED,COMPLETE,4,1,PENDING,4951d58c-56d2-5f18-9658-a40b0023e565
444da390-0117-4380-8c87-d7c32f2903ff,IMG_9871.MOV,OCR_VISIBLE_TEXT,UNKNOWN,COMPLETE,1,0,PENDING,41d50aa8-2a8f-5b34-8eff-f0776647792c
444da390-0117-4380-8c87-d7c32f2903ff,IMG_9871.MOV,MARKETING_CONTENT_USAGE,OBSERVED,COMPLETE,2,2,PENDING,425e7aa6-582c-5018-9d63-c8fe92d332ae
444da390-0117-4380-8c87-d7c32f2903ff,IMG_9871.MOV,SEMANTIC_NARRATIVE,OBSERVED,COMPLETE,1,1,PENDING,bce3f9fa-d910-53b3-8ac2-4303ab57ad8c
444da390-0117-4380-8c87-d7c32f2903ff,IMG_9871.MOV,SEARCH_EMBEDDINGS,OBSERVED,COMPLETE,1,1,PENDING,425e7aa6-582c-5018-9d63-c8fe92d332ae
37838d30-a0ce-4f90-8cc3-c986db0aaa65,DSC03753.JPG,ASSET_IDENTITY_PROVENANCE,OBSERVED,COMPLETE,1,1,PENDING,ba7118d5-5d30-526e-be31-3ea32bff1031
37838d30-a0ce-4f90-8cc3-c986db0aaa65,DSC03753.JPG,GLOBAL_ASSET_UNDERSTANDING,OBSERVED,COMPLETE,1,1,PENDING,ba7118d5-5d30-526e-be31-3ea32bff1031
37838d30-a0ce-4f90-8cc3-c986db0aaa65,DSC03753.JPG,TEMPORAL_SCENE_STRUCTURE,NOT_APPLICABLE,COMPLETE,0,0,PENDING,ba7118d5-5d30-526e-be31-3ea32bff1031
37838d30-a0ce-4f90-8cc3-c986db0aaa65,DSC03753.JPG,PEOPLE_ROLES,OBSERVED,COMPLETE,1,1,PENDING,ba7118d5-5d30-526e-be31-3ea32bff1031
37838d30-a0ce-4f90-8cc3-c986db0aaa65,DSC03753.JPG,PERSON_APPEARANCE,OBSERVED,COMPLETE,4,4,PENDING,ba7118d5-5d30-526e-be31-3ea32bff1031
37838d30-a0ce-4f90-8cc3-c986db0aaa65,DSC03753.JPG,ANATOMY,OBSERVED,COMPLETE,3,3,PENDING,ba7118d5-5d30-526e-be31-3ea32bff1031
37838d30-a0ce-4f90-8cc3-c986db0aaa65,DSC03753.JPG,TREATMENT_PROCEDURE,UNKNOWN,COMPLETE,1,0,PENDING,ba7118d5-5d30-526e-be31-3ea32bff1031
37838d30-a0ce-4f90-8cc3-c986db0aaa65,DSC03753.JPG,ACTIONS_EVENTS,OBSERVED,COMPLETE,1,1,PENDING,ba7118d5-5d30-526e-be31-3ea32bff1031
37838d30-a0ce-4f90-8cc3-c986db0aaa65,DSC03753.JPG,RELATIONSHIPS,OBSERVED,COMPLETE,1,1,PENDING,ba7118d5-5d30-526e-be31-3ea32bff1031
37838d30-a0ce-4f90-8cc3-c986db0aaa65,DSC03753.JPG,CLINICAL_VISUAL_OBSERVATIONS,OBSERVED,COMPLETE,1,1,PENDING,ba7118d5-5d30-526e-be31-3ea32bff1031
37838d30-a0ce-4f90-8cc3-c986db0aaa65,DSC03753.JPG,ENVIRONMENT,UNKNOWN,COMPLETE,1,0,PENDING,ba7118d5-5d30-526e-be31-3ea32bff1031
37838d30-a0ce-4f90-8cc3-c986db0aaa65,DSC03753.JPG,CINEMATOGRAPHY,OBSERVED,COMPLETE,4,4,PENDING,ba7118d5-5d30-526e-be31-3ea32bff1031
37838d30-a0ce-4f90-8cc3-c986db0aaa65,DSC03753.JPG,COMPOSITION,OBSERVED,COMPLETE,3,3,PENDING,ba7118d5-5d30-526e-be31-3ea32bff1031
37838d30-a0ce-4f90-8cc3-c986db0aaa65,DSC03753.JPG,SPEECH_TRANSCRIPT_AUDIO,NOT_APPLICABLE,COMPLETE,0,0,PENDING,ba7118d5-5d30-526e-be31-3ea32bff1031
37838d30-a0ce-4f90-8cc3-c986db0aaa65,DSC03753.JPG,OCR_VISIBLE_TEXT,FALSE,COMPLETE,1,1,PENDING,ec10fcde-91f4-55af-8b70-41e4ff34855e
37838d30-a0ce-4f90-8cc3-c986db0aaa65,DSC03753.JPG,MARKETING_CONTENT_USAGE,OBSERVED,COMPLETE,2,2,PENDING,ba7118d5-5d30-526e-be31-3ea32bff1031
37838d30-a0ce-4f90-8cc3-c986db0aaa65,DSC03753.JPG,SEMANTIC_NARRATIVE,OBSERVED,COMPLETE,1,1,PENDING,a4c0704f-3d89-5555-be6c-342327b06c22
37838d30-a0ce-4f90-8cc3-c986db0aaa65,DSC03753.JPG,SEARCH_EMBEDDINGS,OBSERVED,COMPLETE,1,1,PENDING,ba7118d5-5d30-526e-be31-3ea32bff1031
6215ad8b-12be-4a8e-bc49-f6b3dcf55c21,DSC08097.JPG,ASSET_IDENTITY_PROVENANCE,OBSERVED,COMPLETE,1,1,PENDING,77aec7ae-b24c-5249-97ff-e88e71a44994
6215ad8b-12be-4a8e-bc49-f6b3dcf55c21,DSC08097.JPG,GLOBAL_ASSET_UNDERSTANDING,OBSERVED,COMPLETE,1,1,PENDING,77aec7ae-b24c-5249-97ff-e88e71a44994
6215ad8b-12be-4a8e-bc49-f6b3dcf55c21,DSC08097.JPG,TEMPORAL_SCENE_STRUCTURE,NOT_APPLICABLE,COMPLETE,0,0,PENDING,77aec7ae-b24c-5249-97ff-e88e71a44994
6215ad8b-12be-4a8e-bc49-f6b3dcf55c21,DSC08097.JPG,PEOPLE_ROLES,OBSERVED,COMPLETE,1,1,PENDING,77aec7ae-b24c-5249-97ff-e88e71a44994
6215ad8b-12be-4a8e-bc49-f6b3dcf55c21,DSC08097.JPG,PERSON_APPEARANCE,OBSERVED,COMPLETE,4,4,PENDING,77aec7ae-b24c-5249-97ff-e88e71a44994
6215ad8b-12be-4a8e-bc49-f6b3dcf55c21,DSC08097.JPG,ANATOMY,OBSERVED,COMPLETE,1,1,PENDING,77aec7ae-b24c-5249-97ff-e88e71a44994
6215ad8b-12be-4a8e-bc49-f6b3dcf55c21,DSC08097.JPG,TREATMENT_PROCEDURE,UNKNOWN,COMPLETE,1,0,PENDING,77aec7ae-b24c-5249-97ff-e88e71a44994
6215ad8b-12be-4a8e-bc49-f6b3dcf55c21,DSC08097.JPG,ACTIONS_EVENTS,OBSERVED,COMPLETE,2,2,PENDING,77aec7ae-b24c-5249-97ff-e88e71a44994
6215ad8b-12be-4a8e-bc49-f6b3dcf55c21,DSC08097.JPG,RELATIONSHIPS,OBSERVED,COMPLETE,1,1,PENDING,77aec7ae-b24c-5249-97ff-e88e71a44994
6215ad8b-12be-4a8e-bc49-f6b3dcf55c21,DSC08097.JPG,CLINICAL_VISUAL_OBSERVATIONS,UNKNOWN,COMPLETE,1,0,PENDING,77aec7ae-b24c-5249-97ff-e88e71a44994
6215ad8b-12be-4a8e-bc49-f6b3dcf55c21,DSC08097.JPG,ENVIRONMENT,UNKNOWN,COMPLETE,1,0,PENDING,77aec7ae-b24c-5249-97ff-e88e71a44994
6215ad8b-12be-4a8e-bc49-f6b3dcf55c21,DSC08097.JPG,CINEMATOGRAPHY,OBSERVED,COMPLETE,4,4,PENDING,77aec7ae-b24c-5249-97ff-e88e71a44994
6215ad8b-12be-4a8e-bc49-f6b3dcf55c21,DSC08097.JPG,COMPOSITION,OBSERVED,COMPLETE,3,3,PENDING,77aec7ae-b24c-5249-97ff-e88e71a44994
6215ad8b-12be-4a8e-bc49-f6b3dcf55c21,DSC08097.JPG,SPEECH_TRANSCRIPT_AUDIO,NOT_APPLICABLE,COMPLETE,0,0,PENDING,77aec7ae-b24c-5249-97ff-e88e71a44994
6215ad8b-12be-4a8e-bc49-f6b3dcf55c21,DSC08097.JPG,OCR_VISIBLE_TEXT,FALSE,COMPLETE,1,1,PENDING,daf03f8f-98f6-564d-b62b-3e0523601544
6215ad8b-12be-4a8e-bc49-f6b3dcf55c21,DSC08097.JPG,MARKETING_CONTENT_USAGE,OBSERVED,COMPLETE,2,2,PENDING,77aec7ae-b24c-5249-97ff-e88e71a44994
6215ad8b-12be-4a8e-bc49-f6b3dcf55c21,DSC08097.JPG,SEMANTIC_NARRATIVE,OBSERVED,COMPLETE,1,1,PENDING,524839b1-b646-5daf-9542-83c151fe3c62
6215ad8b-12be-4a8e-bc49-f6b3dcf55c21,DSC08097.JPG,SEARCH_EMBEDDINGS,OBSERVED,COMPLETE,1,1,PENDING,77aec7ae-b24c-5249-97ff-e88e71a44994
64712c6a-c02c-46e9-9f73-16786109468b,IMG_0493.MP4,ASSET_IDENTITY_PROVENANCE,OBSERVED,COMPLETE,1,1,PENDING,686314ea-23c1-5cc6-8f75-ecfd5b4bbd88
64712c6a-c02c-46e9-9f73-16786109468b,IMG_0493.MP4,GLOBAL_ASSET_UNDERSTANDING,OBSERVED,COMPLETE,1,1,PENDING,686314ea-23c1-5cc6-8f75-ecfd5b4bbd88
64712c6a-c02c-46e9-9f73-16786109468b,IMG_0493.MP4,TEMPORAL_SCENE_STRUCTURE,OBSERVED,COMPLETE,1,1,PENDING,686314ea-23c1-5cc6-8f75-ecfd5b4bbd88
64712c6a-c02c-46e9-9f73-16786109468b,IMG_0493.MP4,PEOPLE_ROLES,OBSERVED,COMPLETE,2,2,PENDING,686314ea-23c1-5cc6-8f75-ecfd5b4bbd88
64712c6a-c02c-46e9-9f73-16786109468b,IMG_0493.MP4,PERSON_APPEARANCE,OBSERVED,COMPLETE,3,3,PENDING,686314ea-23c1-5cc6-8f75-ecfd5b4bbd88
64712c6a-c02c-46e9-9f73-16786109468b,IMG_0493.MP4,ANATOMY,OBSERVED,COMPLETE,3,3,PENDING,686314ea-23c1-5cc6-8f75-ecfd5b4bbd88
64712c6a-c02c-46e9-9f73-16786109468b,IMG_0493.MP4,TREATMENT_PROCEDURE,UNKNOWN,COMPLETE,1,0,PENDING,686314ea-23c1-5cc6-8f75-ecfd5b4bbd88
64712c6a-c02c-46e9-9f73-16786109468b,IMG_0493.MP4,ACTIONS_EVENTS,OBSERVED,COMPLETE,1,1,PENDING,686314ea-23c1-5cc6-8f75-ecfd5b4bbd88
64712c6a-c02c-46e9-9f73-16786109468b,IMG_0493.MP4,RELATIONSHIPS,OBSERVED,COMPLETE,3,3,PENDING,686314ea-23c1-5cc6-8f75-ecfd5b4bbd88
64712c6a-c02c-46e9-9f73-16786109468b,IMG_0493.MP4,CLINICAL_VISUAL_OBSERVATIONS,OBSERVED,COMPLETE,1,1,PENDING,686314ea-23c1-5cc6-8f75-ecfd5b4bbd88
64712c6a-c02c-46e9-9f73-16786109468b,IMG_0493.MP4,ENVIRONMENT,OBSERVED,COMPLETE,1,1,PENDING,686314ea-23c1-5cc6-8f75-ecfd5b4bbd88
64712c6a-c02c-46e9-9f73-16786109468b,IMG_0493.MP4,CINEMATOGRAPHY,OBSERVED,COMPLETE,3,3,PENDING,686314ea-23c1-5cc6-8f75-ecfd5b4bbd88
64712c6a-c02c-46e9-9f73-16786109468b,IMG_0493.MP4,COMPOSITION,OBSERVED,COMPLETE,2,2,PENDING,686314ea-23c1-5cc6-8f75-ecfd5b4bbd88
64712c6a-c02c-46e9-9f73-16786109468b,IMG_0493.MP4,SPEECH_TRANSCRIPT_AUDIO,OBSERVED,COMPLETE,4,1,PENDING,90172d0b-a534-59ff-af91-7dc3f4e79553
64712c6a-c02c-46e9-9f73-16786109468b,IMG_0493.MP4,OCR_VISIBLE_TEXT,UNKNOWN,COMPLETE,1,0,PENDING,a58d49d7-df72-5fd6-afdc-ebc975ffda4c
64712c6a-c02c-46e9-9f73-16786109468b,IMG_0493.MP4,MARKETING_CONTENT_USAGE,OBSERVED,COMPLETE,2,2,PENDING,686314ea-23c1-5cc6-8f75-ecfd5b4bbd88
64712c6a-c02c-46e9-9f73-16786109468b,IMG_0493.MP4,SEMANTIC_NARRATIVE,OBSERVED,COMPLETE,1,1,PENDING,064c74fd-0500-5a0e-b09e-caab4e947eab
64712c6a-c02c-46e9-9f73-16786109468b,IMG_0493.MP4,SEARCH_EMBEDDINGS,OBSERVED,COMPLETE,1,1,PENDING,686314ea-23c1-5cc6-8f75-ecfd5b4bbd88
47611c6d-7923-42a4-87b6-c2a416a90f5c,IMG_1148.MP4,ASSET_IDENTITY_PROVENANCE,OBSERVED,COMPLETE,1,1,PENDING,35eb23b0-ac29-5ef7-9e80-670eaea3f463
47611c6d-7923-42a4-87b6-c2a416a90f5c,IMG_1148.MP4,GLOBAL_ASSET_UNDERSTANDING,OBSERVED,COMPLETE,1,1,PENDING,35eb23b0-ac29-5ef7-9e80-670eaea3f463
47611c6d-7923-42a4-87b6-c2a416a90f5c,IMG_1148.MP4,TEMPORAL_SCENE_STRUCTURE,OBSERVED,COMPLETE,1,1,PENDING,35eb23b0-ac29-5ef7-9e80-670eaea3f463
47611c6d-7923-42a4-87b6-c2a416a90f5c,IMG_1148.MP4,PEOPLE_ROLES,OBSERVED,COMPLETE,2,2,PENDING,35eb23b0-ac29-5ef7-9e80-670eaea3f463
47611c6d-7923-42a4-87b6-c2a416a90f5c,IMG_1148.MP4,PERSON_APPEARANCE,OBSERVED,COMPLETE,4,4,PENDING,35eb23b0-ac29-5ef7-9e80-670eaea3f463
47611c6d-7923-42a4-87b6-c2a416a90f5c,IMG_1148.MP4,ANATOMY,OBSERVED,COMPLETE,2,2,PENDING,35eb23b0-ac29-5ef7-9e80-670eaea3f463
47611c6d-7923-42a4-87b6-c2a416a90f5c,IMG_1148.MP4,TREATMENT_PROCEDURE,UNKNOWN,COMPLETE,1,0,PENDING,35eb23b0-ac29-5ef7-9e80-670eaea3f463
47611c6d-7923-42a4-87b6-c2a416a90f5c,IMG_1148.MP4,ACTIONS_EVENTS,OBSERVED,COMPLETE,2,2,PENDING,35eb23b0-ac29-5ef7-9e80-670eaea3f463
47611c6d-7923-42a4-87b6-c2a416a90f5c,IMG_1148.MP4,RELATIONSHIPS,OBSERVED,COMPLETE,3,3,PENDING,35eb23b0-ac29-5ef7-9e80-670eaea3f463
47611c6d-7923-42a4-87b6-c2a416a90f5c,IMG_1148.MP4,CLINICAL_VISUAL_OBSERVATIONS,OBSERVED,COMPLETE,1,1,PENDING,35eb23b0-ac29-5ef7-9e80-670eaea3f463
47611c6d-7923-42a4-87b6-c2a416a90f5c,IMG_1148.MP4,ENVIRONMENT,OBSERVED,COMPLETE,1,1,PENDING,35eb23b0-ac29-5ef7-9e80-670eaea3f463
47611c6d-7923-42a4-87b6-c2a416a90f5c,IMG_1148.MP4,CINEMATOGRAPHY,OBSERVED,COMPLETE,3,3,PENDING,35eb23b0-ac29-5ef7-9e80-670eaea3f463
47611c6d-7923-42a4-87b6-c2a416a90f5c,IMG_1148.MP4,COMPOSITION,OBSERVED,COMPLETE,2,2,PENDING,35eb23b0-ac29-5ef7-9e80-670eaea3f463
47611c6d-7923-42a4-87b6-c2a416a90f5c,IMG_1148.MP4,SPEECH_TRANSCRIPT_AUDIO,OBSERVED,COMPLETE,4,1,PENDING,15e3e026-62db-563e-9200-ef9cd42ef56b
47611c6d-7923-42a4-87b6-c2a416a90f5c,IMG_1148.MP4,OCR_VISIBLE_TEXT,UNKNOWN,COMPLETE,1,0,PENDING,214a1421-463c-5785-be4c-ec01abd49c57
47611c6d-7923-42a4-87b6-c2a416a90f5c,IMG_1148.MP4,MARKETING_CONTENT_USAGE,OBSERVED,COMPLETE,2,2,PENDING,35eb23b0-ac29-5ef7-9e80-670eaea3f463
47611c6d-7923-42a4-87b6-c2a416a90f5c,IMG_1148.MP4,SEMANTIC_NARRATIVE,OBSERVED,COMPLETE,1,1,PENDING,d39ffda1-a056-5740-bd05-4289ba970005
47611c6d-7923-42a4-87b6-c2a416a90f5c,IMG_1148.MP4,SEARCH_EMBEDDINGS,OBSERVED,COMPLETE,1,1,PENDING,35eb23b0-ac29-5ef7-9e80-670eaea3f463
bfae6c51-5d71-47ae-a3e1-6d07092b8896,IMG_2963.MP4,ASSET_IDENTITY_PROVENANCE,OBSERVED,COMPLETE,1,1,PENDING,80037d6c-d888-5570-94d8-b8f29d2607d9
bfae6c51-5d71-47ae-a3e1-6d07092b8896,IMG_2963.MP4,GLOBAL_ASSET_UNDERSTANDING,OBSERVED,COMPLETE,1,1,PENDING,80037d6c-d888-5570-94d8-b8f29d2607d9
bfae6c51-5d71-47ae-a3e1-6d07092b8896,IMG_2963.MP4,TEMPORAL_SCENE_STRUCTURE,OBSERVED,COMPLETE,1,1,PENDING,80037d6c-d888-5570-94d8-b8f29d2607d9
bfae6c51-5d71-47ae-a3e1-6d07092b8896,IMG_2963.MP4,PEOPLE_ROLES,OBSERVED,COMPLETE,3,3,PENDING,80037d6c-d888-5570-94d8-b8f29d2607d9
bfae6c51-5d71-47ae-a3e1-6d07092b8896,IMG_2963.MP4,PERSON_APPEARANCE,OBSERVED,COMPLETE,4,4,PENDING,80037d6c-d888-5570-94d8-b8f29d2607d9
bfae6c51-5d71-47ae-a3e1-6d07092b8896,IMG_2963.MP4,ANATOMY,OBSERVED,COMPLETE,3,3,PENDING,80037d6c-d888-5570-94d8-b8f29d2607d9
bfae6c51-5d71-47ae-a3e1-6d07092b8896,IMG_2963.MP4,TREATMENT_PROCEDURE,OBSERVED,COMPLETE,3,3,PENDING,80037d6c-d888-5570-94d8-b8f29d2607d9
bfae6c51-5d71-47ae-a3e1-6d07092b8896,IMG_2963.MP4,ACTIONS_EVENTS,OBSERVED,COMPLETE,1,1,PENDING,80037d6c-d888-5570-94d8-b8f29d2607d9
bfae6c51-5d71-47ae-a3e1-6d07092b8896,IMG_2963.MP4,RELATIONSHIPS,OBSERVED,COMPLETE,3,3,PENDING,80037d6c-d888-5570-94d8-b8f29d2607d9
bfae6c51-5d71-47ae-a3e1-6d07092b8896,IMG_2963.MP4,CLINICAL_VISUAL_OBSERVATIONS,OBSERVED,COMPLETE,2,2,PENDING,80037d6c-d888-5570-94d8-b8f29d2607d9
bfae6c51-5d71-47ae-a3e1-6d07092b8896,IMG_2963.MP4,ENVIRONMENT,OBSERVED,COMPLETE,1,1,PENDING,80037d6c-d888-5570-94d8-b8f29d2607d9
bfae6c51-5d71-47ae-a3e1-6d07092b8896,IMG_2963.MP4,CINEMATOGRAPHY,OBSERVED,COMPLETE,3,3,PENDING,80037d6c-d888-5570-94d8-b8f29d2607d9
bfae6c51-5d71-47ae-a3e1-6d07092b8896,IMG_2963.MP4,COMPOSITION,OBSERVED,COMPLETE,2,2,PENDING,80037d6c-d888-5570-94d8-b8f29d2607d9
bfae6c51-5d71-47ae-a3e1-6d07092b8896,IMG_2963.MP4,SPEECH_TRANSCRIPT_AUDIO,UNKNOWN,COMPLETE,4,1,PENDING,ad4dec2e-9b67-5f91-8061-06062b093de9
bfae6c51-5d71-47ae-a3e1-6d07092b8896,IMG_2963.MP4,OCR_VISIBLE_TEXT,UNKNOWN,COMPLETE,1,0,PENDING,d37bc28a-c775-5a32-a235-34ca0a74c64e
bfae6c51-5d71-47ae-a3e1-6d07092b8896,IMG_2963.MP4,MARKETING_CONTENT_USAGE,OBSERVED,COMPLETE,3,3,PENDING,80037d6c-d888-5570-94d8-b8f29d2607d9
bfae6c51-5d71-47ae-a3e1-6d07092b8896,IMG_2963.MP4,SEMANTIC_NARRATIVE,OBSERVED,COMPLETE,1,1,PENDING,52ccb786-2d21-54f6-b6f6-27713c6f27c4
bfae6c51-5d71-47ae-a3e1-6d07092b8896,IMG_2963.MP4,SEARCH_EMBEDDINGS,OBSERVED,COMPLETE,1,1,PENDING,80037d6c-d888-5570-94d8-b8f29d2607d9
753eb5f3-82c7-4148-a226-d5b960fd8619,IMG_1160.MP4,ASSET_IDENTITY_PROVENANCE,OBSERVED,COMPLETE,1,1,PENDING,700fb658-52a2-54c0-913e-19e7be7f6e3c
753eb5f3-82c7-4148-a226-d5b960fd8619,IMG_1160.MP4,GLOBAL_ASSET_UNDERSTANDING,OBSERVED,COMPLETE,1,1,PENDING,700fb658-52a2-54c0-913e-19e7be7f6e3c
753eb5f3-82c7-4148-a226-d5b960fd8619,IMG_1160.MP4,TEMPORAL_SCENE_STRUCTURE,OBSERVED,COMPLETE,1,1,PENDING,700fb658-52a2-54c0-913e-19e7be7f6e3c
753eb5f3-82c7-4148-a226-d5b960fd8619,IMG_1160.MP4,PEOPLE_ROLES,OBSERVED,COMPLETE,2,2,PENDING,700fb658-52a2-54c0-913e-19e7be7f6e3c
753eb5f3-82c7-4148-a226-d5b960fd8619,IMG_1160.MP4,PERSON_APPEARANCE,OBSERVED,COMPLETE,4,4,PENDING,700fb658-52a2-54c0-913e-19e7be7f6e3c
753eb5f3-82c7-4148-a226-d5b960fd8619,IMG_1160.MP4,ANATOMY,OBSERVED,COMPLETE,3,3,PENDING,700fb658-52a2-54c0-913e-19e7be7f6e3c
753eb5f3-82c7-4148-a226-d5b960fd8619,IMG_1160.MP4,TREATMENT_PROCEDURE,UNKNOWN,COMPLETE,1,0,PENDING,700fb658-52a2-54c0-913e-19e7be7f6e3c
753eb5f3-82c7-4148-a226-d5b960fd8619,IMG_1160.MP4,ACTIONS_EVENTS,OBSERVED,COMPLETE,2,2,PENDING,700fb658-52a2-54c0-913e-19e7be7f6e3c
753eb5f3-82c7-4148-a226-d5b960fd8619,IMG_1160.MP4,RELATIONSHIPS,OBSERVED,COMPLETE,3,3,PENDING,700fb658-52a2-54c0-913e-19e7be7f6e3c
753eb5f3-82c7-4148-a226-d5b960fd8619,IMG_1160.MP4,CLINICAL_VISUAL_OBSERVATIONS,OBSERVED,COMPLETE,1,1,PENDING,700fb658-52a2-54c0-913e-19e7be7f6e3c
753eb5f3-82c7-4148-a226-d5b960fd8619,IMG_1160.MP4,ENVIRONMENT,OBSERVED,COMPLETE,1,1,PENDING,700fb658-52a2-54c0-913e-19e7be7f6e3c
753eb5f3-82c7-4148-a226-d5b960fd8619,IMG_1160.MP4,CINEMATOGRAPHY,OBSERVED,COMPLETE,3,3,PENDING,700fb658-52a2-54c0-913e-19e7be7f6e3c
753eb5f3-82c7-4148-a226-d5b960fd8619,IMG_1160.MP4,COMPOSITION,OBSERVED,COMPLETE,2,2,PENDING,700fb658-52a2-54c0-913e-19e7be7f6e3c
753eb5f3-82c7-4148-a226-d5b960fd8619,IMG_1160.MP4,SPEECH_TRANSCRIPT_AUDIO,OBSERVED,COMPLETE,4,1,PENDING,aadcf848-f4ef-5e14-97aa-a006ea38d08e
753eb5f3-82c7-4148-a226-d5b960fd8619,IMG_1160.MP4,OCR_VISIBLE_TEXT,UNKNOWN,COMPLETE,1,0,PENDING,129a0224-0291-500d-a3f1-077ba7d08efa
753eb5f3-82c7-4148-a226-d5b960fd8619,IMG_1160.MP4,MARKETING_CONTENT_USAGE,OBSERVED,COMPLETE,2,2,PENDING,700fb658-52a2-54c0-913e-19e7be7f6e3c
753eb5f3-82c7-4148-a226-d5b960fd8619,IMG_1160.MP4,SEMANTIC_NARRATIVE,OBSERVED,COMPLETE,1,1,PENDING,7eeedb2f-5c67-554e-96c6-8538fe7627ea
753eb5f3-82c7-4148-a226-d5b960fd8619,IMG_1160.MP4,SEARCH_EMBEDDINGS,OBSERVED,COMPLETE,1,1,PENDING,700fb658-52a2-54c0-913e-19e7be7f6e3c
